Accession;Taxid;Species;Order;Status
GCA_018492975.1;2724454;Dolichomitussp.;Hymenoptera;3
Platygaster orseoliae;1218342;Platygastersp.;Hymenoptera;3
Cotesia vestalis;217443;Cotesia vestalis;Hymenoptera;3
GCA_021733165.1;375433;Microplitis mediator;Hymenoptera;2
Encarsia formosa;32400;Encarsia formosa;Hymenoptera;2
Psyttalia concolor;389103;Psyttalia concolor;Hymenoptera;2
GCA_013761285.1;7416;Campoletis sonorensis;Hymenoptera;1
GCA_020080835.1;32391;Cotesia glomerata;Hymenoptera;1
GCA_910591495.2;987859;Acronicta aceris;Lepidoptera;1
GCA_018237165.1;2839236;Hypophylla argenissa;Lepidoptera;1
Trichopria nigra;2939375;Trichopria sp.;Hymenoptera;1
Eretmocerus eremicus;272444;Eretmocerus eremicus;Hymenoptera;1
GCA_900490055.1;207806;Pseudoneuroterus saliens;Hymenoptera;1
GCA_018237985.1;2614024;Abisara bifasciata;Lepidoptera;1
GCA_018237305.1;2614017;Baeotiszonata;Lepidoptera;1
GCA_905404165.1;242267;Plebejus argus;Lepidoptera;1
GCA_932178445.1;199937;Andricus quercusramuli;Hymenoptera;1
GCA_018234925.1;1500677;Junonia litoralis;Lepidoptera;1
GCA_018236705.1;2507155;Junonia grisea;Lepidoptera;1
Cotesia congregata;51543;Cotesia congregata;Hymenoptera;1
Cotesia rubecula;32392;Cotesia rubecula;Hymenoptera;1
GCA_019457755.1;32260;Venturia canescens;Hymenoptera;1
GCA_932294375.1;179674;Diachrysia chrysitis;Lepidoptera;1
Aphidius colemani;78482;Aphidius colemani;Hymenoptera;1
Platygaster equestris;860877;Platygastersp.;Hymenoptera;1
GCA_018236045.1;1729663;Apodemia mejicanus;Lepidoptera;1
GCA_905404255.1;405009;Fabriciana adippe;Lepidoptera;1
GCA_905404095.1;203781;Glaucopsyche alexis;Lepidoptera;1
GCA_945859585.1;987876;Amphipoea oculea;Lepidoptera;1
GCA_018235885.1;1729666;Apodemia virgulti;Lepidoptera;1
GCA_020882685.1;2890793;Aphelinus atriplicis;Hymenoptera;1
GCA_018835575.1;89804;Cotesia chilonis;Hymenoptera;1
Psyttalia lounsbury;405760;Psyttalia lounsburyi;Hymenoptera;1
Cotesia sesamiae;89807;Cotesia sesamiae;Hymenoptera;1
Cotesia flavipes;89805;Cotesia flavipes;Hymenoptera;1
GCA_921882275.1;405034;Brenthis ino;Lepidoptera;1
GCA_946863875.1;2870495;Alloplasta piceator;Hymenoptera;1
GCA_914767635.1;653684;Melanostoma mellinum;Diptera;1
GCA_910592195.2;30195;Bombus terrestris;Hymenoptera;1
GCA_018237885.1;1109499;Eurybia lycisca;Lepidoptera;1
Eupelmus kiefferi;1566855;Eupelmus kiefferi;Hymenoptera;1
GCA_011634745.2;1588158;Catotricha subobsoleta;Diptera;1
GCA_018237745.1;2049106;Emesis diogenia;Lepidoptera;1
GCA_018236825.1;2613973;Apodemia zela;Lepidoptera;1
GCA_011634795.1;63433;Leptopilina boulardi;Hymenoptera;1
GCA_020882725.1;1041456;Aphelinus certus;Hymenoptera;1
GCA_013202065.2;2053667;Cotesia typhae;Hymenoptera;1
GCA_018902295.1;2726099;Dusonasp.;Hymenoptera;1
GCA_022816925.1;2729053;Trichacissp.;Hymenoptera;1
GCA_018491695.1;2726098;Lissonotasp.;Hymenoptera;1
GCA_010016045.1;63436;Leptopilina heterotoma;Hymenoptera;1
GCA_001855655.1;63434;Leptopilina clavipes;Hymenoptera;1
GCA_018236185.1;2613990;Emesis melancholica;Lepidoptera;1
GCA_905231855.2;198635;Eristalis tenax;Diptera;1
GCA_014905175.1;684658;Aphidius gifuensis;Hymenoptera;1
GCA_000572035.2;69319;Microplitis demolitor;Hymenoptera;1
GCA_018230145.1;2081614;Lepidochrysops patricia;Lepidoptera;1
Hyposoter didymator;260305;Hyposoter didymator;Hymenoptera;1
GCA_018237725.1;2249969;Emesis spreta;Lepidoptera;1
GCA_018237285.1;2249968;Emesis neemias;Lepidoptera;1
Trissolcus_japonicus;1388796;Trissolcus japonicus;Hymenoptera;1
GCA_000931545.1;45779;Papilio glaucus;Lepidoptera;1
GCA_018232465.1;691633;Calycopis cecrops;Lepidoptera;1
GCA_018237225.1;1140757;Emesis ocypore;Lepidoptera;1
GCA_018237825.1;717324;Theope publius;Lepidoptera;1
GCA_018250455.1;355083;Polygonus leo;Lepidoptera;1
GCA_018234305.1;165848;Junonia evarete;Lepidoptera;1
GCA_933666425.1;104508;Euphydryas editha;Lepidoptera;1
GCA_018248055.1;330376;Zerynthia polyxena;Lepidoptera;1
GCA_905147755.2;988049;Xestia xanthographa;Lepidoptera;1
GCA_914767565.1;214171;Hydraecia micacea;Lepidoptera;1
GCA_022315195.1;7107;Spodoptera exigua;Lepidoptera;0
GCA_002382865.2;7102;Heliothis virescens;Lepidoptera;0
GCA_003987935.1;7092;Bombyx mandarina;Lepidoptera;0
GCA_000325555.1;7091;Bombyx mori;Lepidoptera;0
GCA_002589825.1;7137;Galleria mellonella;Lepidoptera;0
GCA_002811805.1;7108;Spodoptera frugiperda;Lepidoptera;0
GCA_022581195.1;7113;Helicoverpa zea;Lepidoptera;0
GCA_018230105.1;7146;Papilio polyxenes;Lepidoptera;0
GCA_009663345.1;7111;Trichoplusia ni;Lepidoptera;0
GCA_905147105.1;7116;Pieris brassicae;Lepidoptera;0
GCA_015888305.1;7119;Antheraea pernyi;Lepidoptera;0
GCA_014839805.1;7130;Manduca sexta;Lepidoptera;0
GCA_022664705.1;7109;Spodoptera littoralis;Lepidoptera;0
GCA_025370935.1;7141;Choristoneura fumiferana;Lepidoptera;0
GCA_943734675.1;7165;Anopheles gambiae;Diptera;0
GCA_000786525.1;7153;Chironomus tentans;Diptera;0
GCA_000349145.1;7168;Anopheles dirus;Diptera;0
GCA_002204515.1;7159;Aedes aegypti;Diptera;0
GCA_006496715.1;7160;Aedes albopictus;Diptera;0
GCA_014083485.1;7167;Anopheles albimanus;Diptera;0
GCA_018904465.1;7234;Drosophila persimilis;Diptera;0
GCA_000349185.1;7173;Anopheles arabiensis;Diptera;0
GCA_017639315.2;7217;Drosophila ananassae;Diptera;0
GCA_015732765.1;7176;Culex quinquefasciatus;Diptera;0
GCA_024334085.1;7200;Lutzomyia longipalpis;Diptera;0
GCA_000347755.4;7213;Ceratitis capitata;Diptera;0
GCA_018150905.1;7216;Drosophila ambigua;Diptera;0
GCA_009664405.1;7218;Drosophila bifasciata;Diptera;0
GCA_003286155.2;7220;Drosophila erecta;Diptera;0
GCA_003369915.2;7229;Drosophila miranda;Diptera;0
GCA_001014445.1;7225;Scaptodrosophila lebanonensis;Diptera;0
GCA_018904475.1;7226;Drosophila mauritiana;Diptera;0
GCA_000001215.4;7227;Drosophila melanogaster;Diptera;0
GCA_000005155.1;7222;Drosophila grimshawi;Diptera;0
GCA_018901825.1;7221;Drosophila funebris;Diptera;0
GCA_002780465.1;7224;Drosophila hydei;Diptera;0
GCA_018153725.1;7230;Drosophila mojavensis;Diptera;0
GCA_001654015.2;7232;Drosophila navojoa;Diptera;0
GCA_005876975.1;7233;Drosophila orena;Diptera;0
GCA_009193385.2;7425;Nasonia vitripennis;Hymenoptera;0
GCA_007989325.2;7244;Drosophila virilis;Diptera;0
GCA_000180935.1;7240;Drosophila simulans;Diptera;0
GCA_018904455.1;7237;Drosophila pseudoobscura;Diptera;0
GCA_004382195.2;7238;Drosophila sechellia;Diptera;0
GCA_018903635.1;7243;Drosophila teissieri;Diptera;0
GCA_000472105.1;28584;Drosophila suzukii;Diptera;0
GCA_942486075.2;27454;Calliphora vomitoria;Diptera;0
GCA_018152265.1;30025;Drosophila ficusphila;Diptera;0
GCA_001187945.1;7375;Lucilia cuprina;Diptera;0
GCA_008121235.1;7241;Drosophila subobscura;Diptera;0
GCA_003123925.1;7368;Haematobia irritans;Diptera;0
GCA_014843735.1;7370;Musca domestica;Diptera;0
GCA_001017275.1;7373;Calliphora vicina;Diptera;0
GCA_016746445.1;7291;Drosophila albomicans;Diptera;0
GCA_024703675.1;7271;Drosophila nebulosa;Diptera;0
GCA_001654025.1;7263;Drosophila arizonae;Diptera;0
GCA_018904385.1;7245;Drosophila yakuba;Diptera;0
GCA_008121215.1;7248;Drosophila athabasca;Diptera;0
GCA_005876895.1;7249;Drosophila azteca;Diptera;0
GCA_018153375.1;7250;Drosophila immigrans;Diptera;0
GCA_900245975.1;7266;Drosophila guanche;Diptera;0
GCA_018152965.1;7300;Scaptomyza pallida;Diptera;0
GCA_002093755.1;7274;Drosophila serrata;Diptera;0
GCA_018151105.1;7282;Drosophila obscura;Diptera;0
GCA_018150885.1;7284;Drosophila tristis;Diptera;0
GCA_018904355.1;7289;Drosophila sproati;Diptera;0
GCA_018903575.1;7273;Drosophila saltans;Diptera;0
GCA_014083525.1;7446;Vespa mandarinia;Hymenoptera;0
GCA_025728115.1;7445;Vespa crabro;Hymenoptera;0
GCA_001735545.1;7380;Phormia regina;Diptera;0
GCA_005959815.1;7385;Sarcophaga bullata;Diptera;0
GCA_014635995.1;7386;Sarcophaga peregrina;Diptera;0
GCA_001014515.1;7394;Glossina morsitans;Diptera;0
GCA_000688735.1;7395;Glossina austeni;Diptera;0
GCA_014805625.1;7396;Glossina fuscipes;Diptera;0
GCA_022694865.1;13191;Pectinophora gossypiella;Lepidoptera;0
GCA_000688715.1;7398;Glossina pallidipes;Diptera;0
GCA_009394715.1;7421;Diadromus collaris;Hymenoptera;0
GCA_016647725.1;7426;Nasonia giraulti;Hymenoptera;0
GCA_000004795.1;7427;Nasonia longicornis;Hymenoptera;0
GCA_905475345.1;7454;Vespula vulgaris;Hymenoptera;0
GCA_023678865.1;27506;Polistes exclamans;Hymenoptera;0
GCA_003254395.2;7460;Apis mellifera;Hymenoptera;0
GCA_001442555.1;7461;Apis cerana;Hymenoptera;0
GCA_000469605.1;7462;Apis dorsata;Hymenoptera;0
GCA_000184785.2;7463;Apis florea;Hymenoptera;0
GCA_019321825.1;7469;Apismellifera;Hymenoptera;0
GCA_000599845.3;7493;Trichogramma pretiosum;Hymenoptera;0
GCA_000143395.3;12957;Atta cephalotes;Hymenoptera;0
GCA_018135715.1;13037;Danaus plexippus;Lepidoptera;0
GCA_016802235.1;13123;Lymantria dispar;Lepidoptera;0
GCA_918844115.2;13204;Phlebotomus perniciosus;Diptera;0
GCA_017165865.1;29058;Helicoverpa armigera;Lepidoptera;0
GCA_001687245.2;28612;Rhagoletis zephyria;Diptera;0
GCA_000806345.2;28588;Zeugodacus cucurbitae;Diptera;0
GCA_001014835.1;13632;Lucilia sericata;Diptera;0
GCA_016802725.1;13686;Solenopsis invicta;Hymenoptera;0
GCA_013731165.1;28610;Rhagoletis pomonella;Diptera;0
GCA_023373825.1;27457;Bactrocera dorsalis;Diptera;0
GCA_011057505.1;30023;Drosophila elegans;Diptera;0
GCA_001277935.1;30019;Drosophila busckii;Diptera;0
GCA_000262795.1;29031;Phlebotomus papatasi;Diptera;0
GCA_018252415.1;13577;Jalmenus evagoras;Lepidoptera;0
GCA_000236325.2;29029;Drosophila eugracilis;Diptera;0
GCA_018152695.1;29030;Drosophila takahashii;Diptera;0
GCA_000648655.2;29053;Copidosoma floridanum;Hymenoptera;0
GCA_008921685.1;29057;Ostrinia nubilalis;Lepidoptera;0
GCA_018151165.1;30017;Drosophila arawakana;Diptera;0
GCA_008044335.1;30018;Drosophila bakoue;Diptera;0
GCA_017562075.2;30066;Anopheles merus;Diptera;0
GCA_000956255.1;30068;Anopheles punctulatus;Diptera;0
GCA_013141755.1;30069;Anopheles stephensi;Diptera;0
GCA_018903675.1;30053;Zaprionus capensis;Diptera;0
GCA_012273895.2;33412;Zerene cesonia;Lepidoptera;0
GCA_001485905.1;33418;Heliconius ethilla;Lepidoptera;0
GCA_001485965.1;33427;Heliconius ismenius;Lepidoptera;0
GCA_900068735.1;33428;Heliconius pachinus;Lepidoptera;0
GCA_900068815.1;33429;Heliconius wallacei;Lepidoptera;0
GCA_018246395.1;33430;Heliconius atthis;Lepidoptera;0
GCA_018230625.1;33432;Heliconius eleuchia;Lepidoptera;0
GCA_018237945.1;33433;Heliconius sapho;Lepidoptera;0
GCA_024221835.1;33434;Heliconius charithonia;Lepidoptera;0
GCA_018230445.1;33426;Heliconius hewitsoni;Lepidoptera;0
GCA_018231645.1;33437;Heliconius ricini;Lepidoptera;0
GCA_000956275.1;30065;Anopheles koliensis;Diptera;0
GCA_900068825.1;33440;Heliconius xanthocles;Lepidoptera;0
GCA_021234595.1;30064;Delia radicum;Diptera;0
GCA_021223915.1;30033;Drosophila kikkawai;Diptera;0
GCA_018874475.1;30035;Drosophila malagassya;Diptera;0
GCA_018903615.1;30039;Drosophila neocordata;Diptera;0
GCA_018151275.1;30042;Drosophila prosaltans;Diptera;0
GCA_018903745.1;30043;Drosophila repleta;Diptera;0
GCA_021223945.1;30044;Drosophila rubida;Diptera;0
GCA_018150375.1;30047;Drosophila sturtevanti;Diptera;0
GCA_025266255.1;32421;Trissolcus basalis;Hymenoptera;0
GCA_018150405.1;30050;Drosophila varians;Diptera;0
GCA_018151445.1;30054;Zaprionus inermis;Diptera;0
GCA_018901805.1;30057;Zaprionus taronus;Diptera;0
GCA_018247715.1;33439;Heliconius burneyi;Lepidoptera;0
GCA_900068005.1;33441;Heliconius pardalinus;Lepidoptera;0
GCA_016802505.1;33419;Heliconius numata;Lepidoptera;0
GCA_018230605.1;33422;Heliconius congener;Lepidoptera;0
GCA_900067975.1;33423;Heliconius heurippa;Lepidoptera;0
GCA_900068425.1;33425;Heliconius hecale;Lepidoptera;0
GCA_016747895.2;42062;Drosophila nasuta;Diptera;0
GCA_000818775.1;67801;Glossinapalpalis;Diptera;0
GCA_943734635.1;68878;Anopheles cruzii;Diptera;0
GCA_000473445.2;69004;Anopheles farauti;Diptera;0
GCA_002706865.3;69820;Spodoptera litura;Lepidoptera;0
GCA_018908115.1;70327;Anopheles rivulorum;Diptera;0
GCA_905220415.1;72248;Colias croceus;Lepidoptera;0
GCA_018249835.1;33420;Heliconius besckei;Lepidoptera;0
GCA_021202915.1;33442;Heliconius himera;Lepidoptera;0
GCA_012977825.2;32389;Pteromalus puparum;Hymenoptera;0
GCA_014466175.1;30213;Vespula pensylvanica;Hymenoptera;0
GCA_905340295.1;30212;Vespula germanica;Hymenoptera;0
GCA_001594115.1;34720;Trachymyrmex septentrionalis;Hymenoptera;0
GCA_900068395.1;33444;Heliconius elevatus;Lepidoptera;0
GCA_018235265.1;39708;Junonia coenia;Lepidoptera;0
GCA_014843785.1;40085;Diatraea saccharalis;Lepidoptera;0
GCA_018152915.1;40366;Drosophila americana;Diptera;0
GCA_003086615.1;40370;Drosophila montana;Diptera;0
GCA_019972375.1;40372;Drosophilaamericana;Diptera;0
GCA_023375715.1;41375;Drosophila koepferae;Diptera;0
GCA_914969975.1;41427;Anopheles atroparvus;Diptera;0
GCA_018153845.1;42026;Drosophila bipectinata;Diptera;0
GCA_018238045.1;33457;Heliconius aoede;Lepidoptera;0
GCA_000349065.1;34691;Anopheles quadriannulatus;Diptera;0
GCA_000473525.2;34690;Anopheles melas;Diptera;0
GCA_014332785.1;34739;Antheraea mylitta;Lepidoptera;0
GCA_010416905.1;34729;Polistes dorsalis;Hymenoptera;0
GCA_018231685.1;33446;Heliconius clysonymus;Lepidoptera;0
GCA_019049475.1;33448;Eueides isabella;Lepidoptera;0
GCA_900068325.1;33455;Laparus doris;Lepidoptera;0
GCA_018904565.1;34677;Drosophila tsacasi;Diptera;0
GCA_905187475.1;34682;Syritta pipiens;Diptera;0
GCA_921028485.1;40079;Ephestia kuehniella;Lepidoptera;0
GCA_911392485.1;33443;Heliconius sara;Lepidoptera;0
GCA_911387925.2;30191;Bombus hypnorum;Hymenoptera;0
GCA_936014575.1;30192;Bombus lapidarius;Hymenoptera;0
GCA_930367275.1;30194;Bombus pratorum;Hymenoptera;0
GCA_911622165.2;30201;Bombus sylvestris;Hymenoptera;0
GCA_010416935.1;30207;Polistes fuscatus;Hymenoptera;0
GCA_001586405.1;40077;Phoebis sennae;Lepidoptera;0
GCA_000149185.1;39758;Mayetiola destructor;Diptera;0
GCA_902732785.1;72267;Trichogramma evanescens;Hymenoptera;0
GCA_020086525.1;72366;Scirpophaga incertulas;Lepidoptera;0
GCA_003651465.1;72781;Formica exsecta;Hymenoptera;0
GCA_905147705.2;42275;Vanessa atalanta;Lepidoptera;0
GCA_016801865.2;42434;Culexpipiens;Diptera;0
GCA_943734835.1;42839;Anopheles aquasalis;Diptera;0
GCA_007018985.1;42896;Anopheles bwambae;Diptera;0
GCA_000349165.1;43041;Anopheles christyi;Diptera;0
GCA_943734745.1;43151;Anopheles darlingi;Diptera;0
GCA_003314205.2;44477;Apismellifera;Hymenoptera;0
GCA_018903485.1;47316;Drosophila littoralis;Diptera;0
GCA_018904325.1;48335;Drosophila murphyi;Diptera;0
GCA_016617805.2;59916;Bactrocera tryoni;Diptera;0
GCA_008042585.1;60717;Drosophila punjabiensis;Diptera;0
GCA_018874655.1;61426;Drosophila diplacantha;Diptera;0
GCA_018874695.1;47315;Drosophila auraria;Diptera;0
GCA_018151085.1;46794;Drosophila tropicalis;Diptera;0
GCA_018252315.1;42267;Apodemia mormo;Lepidoptera;0
GCA_021223725.1;46829;Drosophila birchii;Diptera;0
GCA_003285875.3;47314;Drosophila novamexicana;Diptera;0
GCA_000001765.3;46245;Drosophilapseudoobscura;Diptera;0
GCA_014858655.1;45450;Chrysomya rufifacies;Diptera;0
GCA_018150545.1;42063;Drosophila ercepeae;Diptera;0
GCA_943734845.1;62324;Anopheles funestus;Diptera;0
GCA_902505575.1;51655;Plutella xylostella;Lepidoptera;0
GCA_900182495.1;58824;Plodia interpunctella;Lepidoptera;0
GCA_010015015.2;52719;Bolitophila cinerea;Diptera;0
GCA_943734655.1;53552;Sabethes cyaneus;Diptera;0
GCA_905163435.1;55057;Mamestra brassicae;Lepidoptera;0
GCA_004193855.1;56364;Agrotis ipsilon;Lepidoptera;0
GCA_014825455.1;56622;Pseudomyrmex pallidus;Hymenoptera;0
GCA_020010945.1;51938;Muscidifurax raptorellus;Hymenoptera;0
GCA_905475415.1;78633;Pieris napi;Lepidoptera;0
GCA_020352625.1;59379;Cactoblastis cactorum;Lepidoptera;0
GCA_016170025.1;62325;Anopheles vaneedeni;Diptera;0
GCA_004143785.1;7252;Drosophila melanica;Diptera;0
GCA_010014465.2;63976;Actias luna;Lepidoptera;0
GCA_014132275.1;63990;Samia ricini;Lepidoptera;0
GCA_905147735.1;64459;Pieris rapae;Lepidoptera;0
GCA_000956215.1;59191;Anophelesfarauti;Diptera;0
GCA_018151315.1;46793;Drosophila paulistorum;Diptera;0
GCA_004329405.1;72791;Cataglyphis niger;Hymenoptera;0
GCA_008044435.1;67533;Drosophila rufa;Diptera;0
GCA_018151095.1;67534;Drosophila triauraria;Diptera;0
GCA_008044355.1;67531;Drosophila lacteicornis;Diptera;0
GCA_018905715.1;74550;Drosophila lini;Diptera;0
GCA_002091835.1;74869;Anopheles maculatus;Diptera;0
GCA_018246115.1;76205;Graphium sarpedon;Lepidoptera;0
GCA_913698395.1;76206;Graphium doson;Lepidoptera;0
GCA_018249735.1;76208;Luehdorfia japonica;Lepidoptera;0
GCA_018904595.1;76712;Zaprionus indianus;Diptera;0
GCA_000949405.1;411798;Vollenhovia emeryi;Hymenoptera;0
GCA_001298345.1;66420;Papilio xuthus;Lepidoptera;0
GCA_008042635.1;73157;Drosophila nikananu;Diptera;0
GCA_018251375.1;73634;Calpodes ethlius;Lepidoptera;0
GCA_008042675.1;73917;Drosophila seguyi;Diptera;0
GCA_018151655.1;74549;Drosophila bocqueti;Diptera;0
GCA_001045655.1;67767;Lasius niger;Hymenoptera;0
GCA_000956235.1;64793;Wasmannia auropunctata;Hymenoptera;0
GCA_000806365.1;64838;Fopius arisanus;Hymenoptera;0
GCA_905332965.1;65598;Bombus pascuorum;Hymenoptera;0
GCA_018153365.1;65963;Drosophila fuyamai;Diptera;0
GCA_021223845.1;65964;Drosophila pseudoananassae;Diptera;0
GCA_018153035.1;65965;Drosophilapseudoananassae;Diptera;0
GCA_018231705.1;76199;Papilio bianor;Lepidoptera;0
GCA_018150985.1;76946;Chymomyza costata;Diptera;0
GCA_916049575.1;76990;Ancistrocerus nigricornis;Hymenoptera;0
GCA_900474195.1;75169;Andricus grossulariae;Hymenoptera;0
GCA_011426435.1;75917;Lysiphlebus fabarum;Hymenoptera;0
GCA_912999745.1;76193;Papilio machaon;Lepidoptera;0
GCA_000836215.1;76194;Papilio polytes;Lepidoptera;0
GCA_018230085.1;76196;Papilio protenor;Lepidoptera;0
GCA_018150345.1;46790;Drosophila equinoxialis;Diptera;0
GCA_018150745.1;46791;Drosophila sucinea;Diptera;0
GCA_018903935.1;46792;Drosophila insularis;Diptera;0
GCA_003118415.2;76198;Papilio memnon;Lepidoptera;0
GCA_932072015.1;75166;Andricus quercustozae;Hymenoptera;0
GCA_001594055.1;64791;Trachymyrmex zeteki;Hymenoptera;0
GCA_018246175.1;77252;Papilio zelicaon;Lepidoptera;0
GCA_004307685.1;78185;Ceratina australensis;Hymenoptera;0
GCA_019453975.1;78189;Exoneurella tridentata;Hymenoptera;0
GCA_932074435.1;75165;Andricus kollari;Hymenoptera;0
GCA_000441895.2;74873;Anopheles sinensis;Diptera;0
GCA_932195095.1;75152;Andricus curvator;Hymenoptera;0
GCA_932066315.1;75157;Andricus coriarius;Hymenoptera;0
GCA_900474215.1;75162;Andricus inflator;Hymenoptera;0
GCA_932526495.1;240869;Bombylius major;Diptera;0
GCA_004143805.1;7257;Drosophila robusta;Diptera;0
GCA_905163545.1;116150;Pararge aegeria;Lepidoptera;0
GCA_018907195.1;130022;Dolichoris vasculosae;Hymenoptera;0
GCA_907269045.1;104447;Idaea aversata;Lepidoptera;0
GCA_945859695.1;104428;Drepana falcataria;Lepidoptera;0
GCA_916610235.2;88514;Lasioglossum morio;Hymenoptera;0
GCA_933228785.1;88516;Lasioglossum pauxillum;Hymenoptera;0
GCA_916610255.1;88531;Lasioglossum lativentre;Hymenoptera;0
GCA_001015175.1;88686;Megaselia abdita;Diptera;0
GCA_023558455.1;88882;Drosophila kepulauana;Diptera;0
GCA_019972355.1;88883;Drosophila kohkoa;Diptera;0
GCA_023558445.1;88884;Drosophila pallidifrons;Diptera;0
GCA_021223965.1;88886;Drosophila sulfurigaster;Diptera;0
GCA_023558435.1;89887;Drosophilasulfurigaster;Diptera;0
GCA_023558465.1;89888;Drosophilasulfurigaster;Diptera;0
GCA_023558475.1;89890;Drosophilasulfurigaster;Diptera;0
GCA_023678845.1;91405;Mischocyttarus mexicanus;Hymenoptera;0
GCA_004302925.1;115425;Cochliomyia hominivorax;Diptera;0
GCA_010416925.1;91422;Polistes metricus;Hymenoptera;0
GCA_914767805.1;116130;Eupsilia transversa;Lepidoptera;0
GCA_905220545.2;113330;Mellicta athalia;Lepidoptera;0
GCA_905220565.1;113334;Melitaea cinxia;Lepidoptera;0
GCA_022539635.1;113505;Chironomus tepperi;Diptera;0
GCA_018874515.1;114631;Drosophila greeni;Diptera;0
GCA_011865705.1;115081;Megalopta genalis;Hymenoptera;0
GCA_920103875.1;111923;Melanargia galathea;Lepidoptera;0
GCA_913789895.3;115100;Seladonia tumulorum;Hymenoptera;0
GCA_910589575.2;116121;Carcina quercana;Lepidoptera;0
GCA_905163495.3;116126;Cosmia trapezina;Lepidoptera;0
GCA_001313835.1;91411;Polistes canadensis;Hymenoptera;0
GCA_937612035.1;91738;Aricia artaxerxes;Lepidoptera;0
GCA_023638675.1;104422;Camponotus pennsylvanicus;Hymenoptera;0
GCA_905333095.1;85660;Bombus hortorum;Hymenoptera;0
GCA_018246375.1;85299;Atrophaneura alcinous;Lepidoptera;0
GCA_905147365.1;91739;Aricia agestis;Lepidoptera;0
GCA_900068125.1;101932;Heliconius timareta;Lepidoptera;0
GCA_000204515.1;103372;Acromyrmex echinatior;Hymenoptera;0
GCA_008042715.1;103765;Drosophila bocki;Diptera;0
GCA_025200985.1;103775;Drosophila gunungcola;Diptera;0
GCA_020883555.1;103845;Drosophila nannoptera;Diptera;0
GCA_020883565.1;103846;Drosophila pachea;Diptera;0
GCA_011952205.1;103933;Bombus bifarius;Hymenoptera;0
GCA_003227725.1;104421;Camponotus floridanus;Hymenoptera;0
GCA_024542735.1;85661;Bombus huntii;Hymenoptera;0
GCA_000346575.1;88501;Lasioglossum albipes;Hymenoptera;0
GCA_019201815.1;85657;Bombus balteatus;Hymenoptera;0
GCA_013841245.2;88217;Apismellifera;Hymenoptera;0
Trichogramma brassicae;86971;Trichogramma brassicae;Hymenoptera;0
GCA_905163525.1;78897;Lymantria monacha;Lepidoptera;0
GCA_019845155.1;81069;Luehdorfia chinensis;Lepidoptera;0
GCA_905404145.2;82595;Biston betularia;Lepidoptera;0
GCA_003425675.2;82600;Cydia pomonella;Lepidoptera;0
GCA_000217595.1;83485;Linepithema humile;Hymenoptera;0
GCA_013186455.1;83487;Papiliodardanus;Lepidoptera;0
GCA_022818195.1;85120;Clogmia albipunctata;Diptera;0
GCA_911387935.1;85443;Dolichovespula saxonica;Hymenoptera;0
GCA_918808275.2;85444;Dolichovespula sylvestris;Hymenoptera;0
GCA_025433975.1;85445;Liostenogaster flavolineata;Hymenoptera;0
GCA_005406045.1;85585;Adoxophyes honmai;Lepidoptera;0
GCA_004143845.1;119604;Drosophila lacertosa;Diptera;0
GCA_910594895.1;189979;Bibio marci;Diptera;0
GCA_018883505.1;130011;Ceratosolen fusciceps;Hymenoptera;0
GCA_021901495.1;2961670;Neodiprion virginianus;Hymenoptera;0
GCA_947172395.1;110368;Bicyclus anynana;Lepidoptera;0
GCA_933534255.1;110791;Iphiclides podalirius;Lepidoptera;0
GCA_018247735.1;110796;Papilio clytia;Lepidoptera;0
GCA_907164705.1;110799;Parnassius apollo;Lepidoptera;0
GCA_018152175.1;111875;Drosophila jambulina;Diptera;0
GCA_905147175.2;111881;Nymphalis urticae;Lepidoptera;0
GCA_917051295.2;111903;Erebia ligea;Lepidoptera;0
GCA_933228805.2;111912;Hipparchia semele;Lepidoptera;0
GCA_928268935.1;111917;Lasiommata megera;Lepidoptera;0
GCA_932305915.1;190331;Agriopis marginaria;Lepidoptera;0
Ceratosolen corneri;130008;Ceratosolen corneri;Hymenoptera;0
GCA_911387745.1;323313;Chrysotoxum bicinctum;Diptera;0
GCA_001014505.1;315576;Chironomus riparius;Diptera;0
GCA_018907245.1;318089;Eupristina koningsbergeri;Hymenoptera;0
GCA_018290095.1;319348;Polypedilum vanderplanki;Diptera;0
GCA_905475445.1;320037;Ochropleura plecta;Lepidoptera;0
GCA_932273885.2;323312;Leucozona laternaria;Diptera;0
GCA_018245875.1;328873;Mysoria ambigua;Lepidoptera;0
GCA_021460005.1;323550;Tetramorium alpestre;Hymenoptera;0
GCA_000503995.1;326594;Ceratosolensolmsi;Hymenoptera;0
GCA_900068265.1;328831;Heliconiuscydno;Lepidoptera;0
GCA_008042735.1;109356;Drosophila leontia;Diptera;0
GCA_903653215.1;108974;Pleistodontes nigriventris;Hymenoptera;0
GCA_024137745.1;108790;Phymastichus coffea;Hymenoptera;0
GCA_000349025.1;112268;Anopheles minimus;Diptera;0
GCA_002091845.1;123217;Anopheles cracens;Diptera;0
GCA_018237905.1;124389;Curetis bulis;Lepidoptera;0
GCA_018230685.1;124411;Limenitis arthemis;Lepidoptera;0
GCA_008963455.1;124412;Hypolimnas misippus;Lepidoptera;0
GCA_024139115.1;124917;Armigeres subalbatus;Diptera;0
GCA_025231255.1;125945;Drosophila biarmipes;Diptera;0
GCA_022323205.1;127344;Junonia iphita;Lepidoptera;0
GCA_016746245.2;129105;Drosophila santomea;Diptera;0
GCA_912999735.1;129397;Aporia crataegi;Lepidoptera;0
GCA_018247935.1;129452;Trogonoptera brookiana;Lepidoptera;0
GCA_932527175.1;104452;Operophtera brumata;Lepidoptera;0
GCA_914767795.1;104476;Agriopis aurantiaria;Lepidoptera;0
GCA_018901835.1;106258;Scaptomyza graminum;Diptera;0
GCA_905404195.1;104474;Erannis defoliaria;Lepidoptera;0
GCA_932527185.1;104457;Ecliptopera silaceata;Lepidoptera;0
GCA_912999785.1;104460;Hydriomena furcata;Lepidoptera;0
GCA_021035045.1;104690;Bactrocera minax;Diptera;0
GCA_946251855.1;104486;Alsophila aescularia;Lepidoptera;0
GCA_001188975.4;104688;Bactrocera oleae;Diptera;0
GCA_018905735.1;137355;Drosophila burlai;Diptera;0
GCA_905332955.1;138070;Lysandra bellargus;Lepidoptera;0
GCA_905404105.1;189913;Leptidea sinapis;Lepidoptera;0
GCA_018874595.1;137354;Drosophila barbarae;Diptera;0
GCA_943734705.1;139045;Anopheles coustani;Diptera;0
GCA_943735745.1;139047;Anopheles bellator;Diptera;0
GCA_004143905.1;189258;Drosophila micromelanica;Diptera;0
GCA_002237135.4;139649;Teleopsis dalmanni;Diptera;0
GCA_018237925.1;189912;Leptidea reali;Lepidoptera;0
GCA_018874675.1;137353;Drosophila baimaii;Diptera;0
GCA_008042515.1;137078;Drosophila truncata;Diptera;0
GCA_014825875.1;130704;Bombus ignitus;Hymenoptera;0
GCA_014737335.1;130708;Bombus polaris;Hymenoptera;0
GCA_000188095.4;132113;Bombus impatiens;Hymenoptera;0
GCA_018248095.1;132695;Baronia brevicornis;Lepidoptera;0
GCA_900068475.1;171913;Heliconius hierax;Lepidoptera;0
GCA_900068205.1;171915;Heliconiuscydno;Lepidoptera;0
GCA_900068665.1;171916;Heliconiusmelpomene;Lepidoptera;0
GCA_024741315.1;178769;Eurosta solidaginis;Diptera;0
GCA_000313835.2;171917;Heliconiusmelpomene;Lepidoptera;0
GCA_900002565.1;179676;Culicoides sonorensis;Diptera;0
GCA_018252495.1;157372;Graphium evemon;Lepidoptera;0
GCA_018246355.1;157461;Teinopalpus imperialis;Lepidoptera;0
GCA_023838395.1;156328;Holcopasites calliopsidis;Hymenoptera;0
GCA_008042555.1;132243;Drosophila vulcana;Diptera;0
GCA_018247975.1;132705;Parides photinus;Lepidoptera;0
GCA_004959915.1;151541;Danaus chrysippus;Lepidoptera;0
GCA_018236485.1;155166;Plebejus idas;Lepidoptera;0
GCA_018907045.1;150944;Wiebesia pumilae;Hymenoptera;0
GCA_010645115.1;148810;Tetragonula carbonaria;Hymenoptera;0
GCA_943734785.1;186751;Anopheles moucheti;Diptera;0
GCA_022537945.1;144245;Dinocampus coccinellae;Hymenoptera;0
GCA_001652005.1;156304;Ceratina calcarata;Hymenoptera;0
GCA_018904285.1;140570;Lordiphosa magnipectinata;Diptera;0
GCA_000220905.1;143995;Megachile rotundata;Hymenoptera;0
GCA_018236845.1;155167;Plebejus melissa;Lepidoptera;0
GCA_010014985.2;152616;Delias pasithoe;Lepidoptera;0
GCA_000187915.1;144034;Pogonomyrmex barbatus;Hymenoptera;0
GCA_024349325.1;144036;Pogonomyrmex californicus;Hymenoptera;0
GCA_018905695.1;154833;Drosophila chauvacae;Diptera;0
GCA_000473375.1;139723;Anopheles culicifacies;Diptera;0
GCA_020829145.1;133975;Drosophila nigrodunni;Diptera;0
GCA_008042795.1;154832;Drosophila asahinai;Diptera;0
GCA_018152125.1;133979;Drosophila dunni;Diptera;0
GCA_018903735.1;133981;Drosophila cardini;Diptera;0
GCA_008042535.1;137070;Drosophila tani;Diptera;0
GCA_008042475.1;137072;Drosophila kanapiae;Diptera;0
GCA_008042485.1;137074;Drosophila mayri;Diptera;0
GCA_018904745.1;137076;Drosophila orosa;Diptera;0
GCA_018904695.1;137077;Drosophila parvula;Diptera;0
GCA_001015235.1;139677;Sphyracephala brevicornis;Diptera;0
GCA_019453415.1;175328;Exoneura robusta;Hymenoptera;0
GCA_025727935.1;152600;Hebomoia glaucippe;Lepidoptera;0
GCA_005406025.1;151549;Eumeta japonica;Lepidoptera;0
GCA_005889595.1;154130;Drosophila neonasuta;Diptera;0
GCA_018249775.1;171912;Heliconiushecalesia;Lepidoptera;0
GCA_905220355.1;171605;Vanessa cardui;Lepidoptera;0
GCA_018246195.1;95593;Ornithoptera priamus;Lepidoptera;0
GCA_946894085.1;101737;Incurvaria masculella;Lepidoptera;0
GCA_002290385.1;94128;Apiscerana;Hymenoptera;0
GCA_018907185.1;130029;Platyscapa corneri;Hymenoptera;0
GCA_017309665.1;169498;Coelopa frigida;Diptera;0
GCA_025532165.1;168615;Camponotus vicinus;Hymenoptera;0
GCA_014066325.1;183418;Apis laboriosa;Hymenoptera;0
GCA_902850365.2;168631;Chilo suppressalis;Lepidoptera;0
GCA_000005575.1;180454;Anophelesgambiae;Diptera;0
GCA_018231765.1;166451;Danaus erippus;Lepidoptera;0
GCA_014737455.1;130686;Bombus consobrinus;Hymenoptera;0
GCA_001014335.1;170625;Coboldia fuscipes;Diptera;0
GCA_018150835.1;170952;Drosophila repletoides;Diptera;0
GCA_905147045.1;171585;Nymphalis io;Lepidoptera;0
GCA_024586455.2;98809;Bactrocera neohumeralis;Diptera;0
GCA_018245475.1;95577;Pharmacophagus antenor;Lepidoptera;0
GCA_018904275.1;93397;Lordiphosa clarofinis;Diptera;0
GCA_018904265.1;93398;Lordiphosa collinella;Diptera;0
GCA_018904235.1;93405;Lordiphosa stackelbergi;Diptera;0
GCA_004193835.1;93504;Ostrinia furnacalis;Lepidoptera;0
GCA_018247995.1;93715;Parnassius smintheus;Lepidoptera;0
GCA_008042575.1;94109;Drosophila watanabei;Diptera;0
GCA_018874455.1;94110;Drosophila trapezifrons;Diptera;0
GCA_947086385.1;94469;Phlebotomus argentipes;Diptera;0
GCA_018247655.1;95568;Euryades corethrus;Lepidoptera;0
GCA_018248155.1;95570;Cressida cressida;Lepidoptera;0
GCA_905220585.2;171594;Nymphalis polychloros;Lepidoptera;0
Torymus sinensis;169553;Torymus sinensis;Hymenoptera;0
GCA_001276565.1;166423;Melipona quadrifasciata;Hymenoptera;0
GCA_001272555.1;178035;Dufourea novaeangliae;Hymenoptera;0
GCA_900068515.1;171918;Heliconiusmelpomene;Lepidoptera;0
GCA_946477585.1;173985;Cheilosia urbana;Diptera;0
GCA_001853355.1;174628;Bactrocera latifrons;Diptera;0
GCA_002192655.2;174822;Mamestra configurata;Lepidoptera;0
GCA_943737935.1;185578;Anopheles nili;Diptera;0
GCA_018231785.1;166024;Danaus gilippus;Lepidoptera;0
GCA_014737365.1;184059;Bombus soroeensis;Hymenoptera;0
GCA_018246075.1;157393;Lamproptera meges;Lepidoptera;0
GCA_018153455.1;186283;Drosophila parabipectinata;Diptera;0
GCA_019453355.1;175324;Ceratina japonica;Hymenoptera;0
GCA_016254315.1;162637;Anopheles parensis;Diptera;0
GCA_018231745.1;165861;Danaus eresimus;Lepidoptera;0
GCA_010014825.1;165858;Danaus melanippus;Lepidoptera;0
GCA_018901885.1;184074;Zaprionus kolodkinae;Diptera;0
GCA_018248595.1;328870;Trapezites symmomus;Lepidoptera;0
GCA_018237865.1;328887;Styx infernalis;Lepidoptera;0
GCA_011952255.1;207650;Bombus vosnesenskii;Hymenoptera;0
GCA_011421695.1;208481;Diadegma semiclausum;Hymenoptera;0
GCA_009859135.1;208979;Formica selysi;Hymenoptera;0
GCA_000341935.2;211228;Cephus cinctus;Hymenoptera;0
GCA_020341155.1;213866;Eciton burchellii;Hymenoptera;0
GCA_018248195.1;213896;Archon apollinus;Lepidoptera;0
GCA_018247875.1;213903;Hypermnestrahelios;Lepidoptera;0
GCA_018246155.1;213957;Parnassius orleans;Lepidoptera;0
GCA_018247855.1;202798;Graphium androcles;Lepidoptera;0
GCA_000671735.1;201502;Glossinafuscipes;Diptera;0
GCA_013841205.1;200407;Apismellifera;Hymenoptera;0
GCA_911728515.1;190356;Peribatodes rhomboidaria;Lepidoptera;0
GCA_905231865.2;191398;Boloria selene;Lepidoptera;0
GCA_905333055.1;191418;Maniola jurtina;Lepidoptera;0
GCA_017165845.1;208016;Thaumetopoea pityocampa;Lepidoptera;0
GCA_014825975.1;207636;Bombus haemorrhoidalis;Hymenoptera;0
GCA_905333015.3;207624;Bombus campestris;Hymenoptera;0
GCA_905220515.1;268709;Lysandra coridon;Lepidoptera;0
GCA_905147385.1;270466;Limenitis camilla;Lepidoptera;0
GCA_010645135.1;270525;Tetragonula clypearis;Hymenoptera;0
GCA_010645185.1;270528;Tetragonula hockingsi;Hymenoptera;0
GCA_011634685.1;270529;Tetragonula mellipes;Hymenoptera;0
GCA_009176525.2;265458;Contarinia nasturtii;Diptera;0
GCA_017933935.1;236805;Sesamia nonagrioides;Lepidoptera;0
GCA_007844875.1;236788;Busseola fusca;Lepidoptera;0
GCA_009867175.1;233158;Adela reaumurella;Lepidoptera;0
GCA_912470025.1;202808;Vespa velutina;Hymenoptera;0
GCA_905187575.1;203782;Celastrina argiolus;Lepidoptera;0
GCA_001014815.1;204567;Chaoborus trivitattus;Diptera;0
GCA_018247895.1;214010;Parnassius honrathi;Lepidoptera;0
GCA_946409105.1;287200;Apoda limacodes;Lepidoptera;0
GCA_907269105.1;226151;Volucella inanis;Diptera;0
GCA_932526435.1;226161;Rhingia campestris;Diptera;0
GCA_905404175.1;227532;Anthocharis cardamines;Lepidoptera;0
GCA_017607565.1;230685;Acromyrmex heyeri;Hymenoptera;0
GCA_017607455.1;230686;Acromyrmex insinuator;Hymenoptera;0
GCA_933228735.1;231887;Amblyteles armatorius;Hymenoptera;0
GCA_024516115.1;233155;Culexpipiens;Diptera;0
GCA_943735985.1;287197;Sesia bembeciformis;Lepidoptera;0
GCA_943736035.1;222778;Tenthredo mesomela;Hymenoptera;0
GCA_011636605.1;219812;Tetramorium bicarinatum;Hymenoptera;0
GCA_932526445.1;214311;Phragmatobia fuliginosa;Lepidoptera;0
GCA_014737475.1;217217;Bombus confusus;Hymenoptera;0
GCA_000612105.2;222816;Orussus abietinus;Hymenoptera;0
GCA_928272175.1;226149;Volucella inflata;Diptera;0
GCA_022674325.1;192188;Grapholita molesta;Lepidoptera;0
GCA_021223935.1;193234;Drosophila pseudotakahashii;Diptera;0
GCA_018153235.1;195057;Drosophilamalerkotliana;Diptera;0
GCA_018230405.1;196493;Heliconius hortense;Lepidoptera;0
GCA_001014935.1;198433;Liriomyza trifolii;Diptera;0
GCA_004354385.2;198719;Drosophila innubila;Diptera;0
GCA_000349105.1;199890;Anopheles epiroticus;Diptera;0
GCA_024500475.1;192464;Phthorimaea operculella;Lepidoptera;0
GCA_905220335.1;214277;Noctua pronuba;Lepidoptera;0
GCA_018904025.1;223247;Zaprionus vittiger;Diptera;0
GCA_932274085.1;226133;Protocalliphora azurea;Diptera;0
GCA_946965025.1;226147;Blera fallax;Diptera;0
GCA_018236805.1;268707;Plebejus anna;Lepidoptera;0
GCA_900068305.1;265454;Heliconiuscydno;Lepidoptera;0
GCA_946251915.1;254365;Abrostola triplasia;Lepidoptera;0
GCA_900068655.1;248314;Heliconiusmelpomene;Lepidoptera;0
GCA_900068255.1;249251;Heliconiuscydno;Lepidoptera;0
GCA_014607495.2;252295;Carposina sasakii;Lepidoptera;0
GCA_916610135.2;253715;Macropis europaea;Hymenoptera;0
GCA_001486045.1;248311;Heliconiusmelpomene;Lepidoptera;0
GCA_936440885.2;236850;Sarcophaga subvicina;Diptera;0
GCA_932273835.1;236851;Sarcophaga variegata;Diptera;0
GCA_012273795.1;238572;Dendrolimus punctatus;Lepidoptera;0
GCA_916610205.1;1101106;Griposia aprilina;Lepidoptera;0
GCA_021223745.1;244254;Drosophila bunnanda;Diptera;0
GCA_905146925.1;254363;Autographa gamma;Lepidoptera;0
GCA_900068565.1;248313;Heliconiusmelpomene;Lepidoptera;0
GCA_018902025.2;7260;Drosophila willistoni;Diptera;0
GCA_008121275.1;7251;Drosophila lowei;Diptera;0
GCA_900068505.1;248312;Heliconiusmelpomene;Lepidoptera;0
GCA_900490025.1;246452;Megastigmus dorsalis;Hymenoptera;0
GCA_900068675.1;248309;Heliconiusmelpomene;Lepidoptera;0
GCA_001510935.1;248310;Heliconiusmelpomene;Lepidoptera;0
GCA_023078775.1;283855;Hyles euphorbiae;Lepidoptera;0
GCA_018904095.1;284540;Zaprionus ghesquierei;Diptera;0
GCA_019399895.1;286306;Cardiocondyla obscurior;Hymenoptera;0
GCA_945859705.1;286459;Episyrphus balteatus;Diptera;0
GCA_911387775.1;272628;Thymelicus sylvestris;Lepidoptera;0
Anagyrus pseudococci;272197;Anagyrus pseudococci;Hymenoptera;0
GCA_020882275.1;271217;Mythimna separata;Lepidoptera;0
GCA_900475205.1;261815;Eurytoma brunniventris;Hymenoptera;0
GCA_021018905.1;263140;Sitodiplosis mosellana;Diptera;0
GCA_934045075.1;263933;Yponomeuta sedellus;Lepidoptera;0
GCA_937595015.1;265386;Polyommatus icarus;Lepidoptera;0
GCA_009982885.2;283848;Hyles vespertilio;Lepidoptera;0
GCA_905333065.1;282391;Lycaena phlaeas;Lepidoptera;0
GCA_020383195.1;245865;Neomicropteryx cornuta;Lepidoptera;0
GCA_936431705.1;273407;Cheilosia pagana;Diptera;0
GCA_916610125.1;273409;Cheilosia vulpina;Diptera;0
GCA_009731565.1;278856;Danausplexippus;Lepidoptera;0
GCA_018248475.1;218706;Parnara guttata;Lepidoptera;0
GCA_944567765.1;218720;Carterocephalus palaemon;Lepidoptera;0
GCA_000980195.3;307658;Monomorium pharaonis;Hymenoptera;0
GCA_021223985.1;309927;Zaprionus bogoriensis;Diptera;0
GCA_024516045.2;309941;Bombus affinis;Hymenoptera;0
GCA_014737485.1;309970;Bombus picipes;Hymenoptera;0
GCA_019677175.1;309975;Bombus sylvicola;Hymenoptera;0
GCA_900480035.1;310279;Eupelmus urozonus;Hymenoptera;0
GCA_900474355.1;310282;Torymus geranii;Hymenoptera;0
GCA_013403705.1;310794;Heliconius hermathena;Lepidoptera;0
GCA_013403645.1;310795;Heliconius nattereri;Lepidoptera;0
GCA_900068715.1;310797;Heliconiusnumata;Lepidoptera;0
GCA_018230425.1;311033;Junonia oenone;Lepidoptera;0
GCA_900490015.1;311874;Megastigmus stigmatizans;Hymenoptera;0
GCA_018904815.1;307244;Drosophila ogumai;Diptera;0
GCA_018905755.1;307242;Drosophila ohnishii;Diptera;0
GCA_910589565.1;301037;Bembecia ichneumoniformis;Lepidoptera;0
GCA_018249535.1;355132;Salatis canalis;Lepidoptera;0
GCA_018250295.1;355148;Spathilepia clonius;Lepidoptera;0
GCA_018248355.1;355167;Telemiades fides;Lepidoptera;0
GCA_018250495.1;355192;Typhedanus ampyx;Lepidoptera;0
GCA_018248415.1;355098;Proteides mercurius;Lepidoptera;0
GCA_018250275.1;355195;Udranomia eurus;Lepidoptera;0
GCA_018247775.1;355197;Udranomia orcinus;Lepidoptera;0
GCA_018251975.1;355203;Urbanus esmeraldus;Lepidoptera;0
GCA_018251935.1;355205;Urbanus evona;Lepidoptera;0
GCA_018251155.1;355219;Venada nevada;Lepidoptera;0
GCA_018239045.1;355232;Yanguna cosyra;Lepidoptera;0
GCA_018251215.1;355280;Ridens mephitis;Lepidoptera;0
GCA_018906965.1;358065;Philotrypesis tridentata;Hymenoptera;0
GCA_008042775.1;359927;Drosophila pectinifera;Diptera;0
GCA_018250225.1;355196;Udranomia kikkawai;Lepidoptera;0
GCA_900490065.1;351381;Neuroterus quercusbaccarum;Hymenoptera;0
GCA_018248175.1;349371;Bhutanitis pulchristriata;Lepidoptera;0
GCA_934870175.1;348720;Parargeaegeria;Lepidoptera;0
GCA_907165265.2;287375;Zygaena filipendulae;Lepidoptera;0
GCA_945859685.1;290404;Eupeodes corollae;Diptera;0
GCA_905404135.1;291688;Hesperia comma;Lepidoptera;0
GCA_932074545.1;330977;Andricus pictus;Hymenoptera;0
GCA_918358695.1;331302;Melinaeamenophilus;Lepidoptera;0
GCA_918358865.1;331333;Melinaeamarsaeus;Lepidoptera;0
GCA_900474325.1;331713;Synergus umbraculus;Hymenoptera;0
GCA_018237065.1;328888;Emesis mandana;Lepidoptera;0
GCA_002938995.1;334116;Vanessa tameamea;Lepidoptera;0
GCA_917414775.1;335469;Orgyia antiqua;Lepidoptera;0
GCA_905115235.1;343691;Hermetia illucens;Diptera;0
GCA_943734765.1;345580;Anopheles ziemanni;Diptera;0
GCA_905332375.1;345717;Pieris macdunnoughi;Lepidoptera;0
GCA_000819425.1;346610;Apismellifera;Hymenoptera;0
GCA_944319705.1;330862;Tiphia femorata;Hymenoptera;0
GCA_018153145.1;296643;Drosophilapseudoananassae;Diptera;0
GCA_014839585.1;292152;Pseudomyrmex concolor;Hymenoptera;0
GCA_014825685.1;292154;Pseudomyrmex cubaensis;Hymenoptera;0
GCA_014825645.1;292155;Pseudomyrmex dendroicus;Hymenoptera;0
GCA_001017535.1;312236;Tipula oleracea;Diptera;0
GCA_014825475.1;292159;Pseudomyrmex flavicornis;Hymenoptera;0
GCA_002217905.1;292787;Apiscerana;Hymenoptera;0
GCA_018153275.1;296644;Drosophilamalerkotliana;Diptera;0
GCA_000775305.1;315563;Belgica antarctica;Diptera;0
GCA_018248135.1;299009;Battus belus;Lepidoptera;0
GCA_003070985.1;300111;Temnothorax curvispinosus;Hymenoptera;0
GCA_004794745.1;300112;Temnothorax longispinosus;Hymenoptera;0
GCA_945859745.1;301036;Synanthedon formicaeformis;Lepidoptera;0
GCA_001014575.1;292402;Themira minor;Diptera;0
GCA_018150935.1;312270;Drosophila pruinosa;Diptera;0
GCA_018250835.1;355145;Sostratabifasciata;Lepidoptera;0
GCA_018252155.1;355106;Quadrus cerialis;Lepidoptera;0
GCA_018244755.1;354958;Jemadia pseudognetus;Lepidoptera;0
GCA_018251755.1;354984;Morvina fissimacula;Lepidoptera;0
GCA_018250875.1;354987;Mylon lassia;Lepidoptera;0
GCA_018251095.1;355007;Pseudonascus paulliniae;Lepidoptera;0
GCA_018231305.1;355021;Noctuana lactifera;Lepidoptera;0
GCA_018252355.1;355032;Ouleus salvina;Lepidoptera;0
GCA_018239365.1;355034;Oxynetra hopfferi;Lepidoptera;0
GCA_018245755.1;355046;Parelbella macleannani;Lepidoptera;0
GCA_018249975.1;355051;Passova gellias;Lepidoptera;0
GCA_018231365.1;355053;Pellicia arina;Lepidoptera;0
GCA_018250995.1;354918;Ebrietas anacreon;Lepidoptera;0
GCA_018249995.1;354915;Dyscophellus porcius;Lepidoptera;0
GCA_018251635.1;354907;Drephalys kidonoi;Lepidoptera;0
GCA_018250115.1;354903;Doberes anticus;Lepidoptera;0
GCA_018250755.1;354765;Anastrus sempiternus;Lepidoptera;0
GCA_018250635.1;354786;Astraptes apastus;Lepidoptera;0
GCA_018252015.1;354788;Astraptes brevicauda;Lepidoptera;0
GCA_018252115.1;354973;Milanion marciana;Lepidoptera;0
GCA_018250775.1;354953;Helias cama;Lepidoptera;0
GCA_018252455.1;355103;Pythonides amaryllis;Lepidoptera;0
GCA_018251695.1;354951;Grais stigmaticus;Lepidoptera;0
GCA_018248235.1;218724;Choaspes benjaminii;Lepidoptera;0
GCA_018247075.1;218732;Hasora chromus;Lepidoptera;0
GCA_911387765.1;218760;Pyrgus malvae;Lepidoptera;0
GCA_016069955.1;219515;Drepana arcuata;Lepidoptera;0
GCA_905146935.1;219539;Scaeva pyrastri;Diptera;0
GCA_002006095.1;219809;Pseudomyrmex gracilis;Hymenoptera;0
GCA_018245195.1;218731;Hasorabadra;Lepidoptera;0
GCA_018248675.1;354944;Gesta gesta;Lepidoptera;0
GCA_018252435.1;354946;Gindanes brontinus;Lepidoptera;0
GCA_018250975.1;354948;Gorgythion begga;Lepidoptera;0
GCA_018250335.1;354792;Astraptes enotrus;Lepidoptera;0
GCA_018250695.1;354793;Astraptes hopfferi;Lepidoptera;0
GCA_018250735.1;354796;Astraptes talus;Lepidoptera;0
GCA_018252395.1;354799;Atarnes sallei;Lepidoptera;0
GCA_905220405.1;374264;Xylota sylvarum;Diptera;0
GCA_023373885.1;378390;Hestina assimilis;Lepidoptera;0
GCA_018150725.1;387621;Drosophila quadrilineata;Diptera;0
GCA_903986555.1;395501;Heterotrigona itama;Hymenoptera;0
GCA_014825925.1;395515;Bombus breviceps;Hymenoptera;0
GCA_014737525.1;395520;Bombus difficillimus;Hymenoptera;0
GCA_014737355.1;395565;Bombus skorikovi;Hymenoptera;0
GCA_014737395.1;395577;Bombus waltoni;Hymenoptera;0
GCA_014825855.1;396416;Bombus pyrosoma;Hymenoptera;0
GCA_947093115.1;405032;Brenthis daphne;Lepidoptera;0
GCA_015832385.1;366056;Elymnias hypermnestra;Lepidoptera;0
GCA_914767975.1;362091;Tenthredo notha;Hymenoptera;0
GCA_021155765.1;362088;Diprion similis;Hymenoptera;0
GCA_018245775.1;355101;Pyrrhopyge zenodorus;Lepidoptera;0
GCA_018246135.1;371877;Hypermnestrahelios;Lepidoptera;0
GCA_018248115.1;371869;Allancastriacerisyi;Lepidoptera;0
GCA_018251115.1;354867;Codatractus alcaeus;Lepidoptera;0
GCA_018249355.1;354804;Autochton longipennis;Lepidoptera;0
GCA_018247175.1;355081;Polyctor polyctor;Lepidoptera;0
GCA_018249315.1;354805;Autochton zarex;Lepidoptera;0
GCA_018251035.1;354820;Camptopleura auxo;Lepidoptera;0
GCA_018248895.1;354836;Carystus phorcus;Lepidoptera;0
GCA_018251135.1;354846;Cephise aelius;Lepidoptera;0
GCA_018248655.1;354853;Chiomara georgina;Lepidoptera;0
GCA_018248975.1;354868;Codatractus imalena;Lepidoptera;0
GCA_947095565.1;369887;Poecilobothrus nobilitatus;Diptera;0
GCA_018251175.1;354881;Cycloglypha thrasibulus;Lepidoptera;0
GCA_018248255.1;354901;Dardarina dardaris;Lepidoptera;0
GCA_018249455.1;354809;Bungalotis erythus;Lepidoptera;0
GCA_018251775.1;354750;Eantis pallida;Lepidoptera;0
GCA_018250515.1;355084;Polygonus savigny;Lepidoptera;0
GCA_018247035.1;355100;Pyrrhopyge crida;Lepidoptera;0
GCA_001015335.1;35570;Stomoxys calcitrans;Diptera;0
GCA_018903425.1;429042;Zaprionus nigranus;Diptera;0
GCA_910595825.1;414876;Xanthogramma pedissequum;Diptera;0
GCA_014737505.1;421273;Bombus sibiricus;Hymenoptera;0
GCA_930367265.1;423510;Catocala fraxini;Lepidoptera;0
GCA_018904165.1;428973;Zaprionus camerounensis;Diptera;0
GCA_018903715.1;428974;Zaprionus davidi;Diptera;0
GCA_018247375.1;2943159;Ortholexis melichroptera;Lepidoptera;0
GCA_018901815.1;429041;Zaprionus lachaisei;Diptera;0
GCA_920937365.1;414861;Sphaerophoria rueppellii;Diptera;0
GCA_001594065.1;456900;Cyphomyrmex costatus;Hymenoptera;0
GCA_018232405.1;460130;Junonia genoveva;Lepidoptera;0
GCA_003063745.1;500656;Aphaenogaster rudis;Hymenoptera;0
GCA_018251295.1;509293;Aethilla lavochrea;Lepidoptera;0
GCA_018231325.1;509358;Carcharodus alceae;Lepidoptera;0
GCA_018251435.1;509368;Copaeodes aurantiaca;Lepidoptera;0
GCA_913698315.1;454923;Diachasma alloeum;Hymenoptera;0
GCA_916050315.1;414846;Platycheirus albimanus;Diptera;0
GCA_018250915.1;509477;Signeta flammeata;Lepidoptera;0
GCA_910592125.1;444401;Andrena haemorrhoa;Hymenoptera;0
GCA_018151435.1;447232;Zaprionus africanus;Diptera;0
GCA_018903695.1;447233;Zaprionus gabonicus;Diptera;0
GCA_923060345.2;447833;Erebia aethiops;Lepidoptera;0
GCA_019455685.1;450213;Philornis downsi;Diptera;0
GCA_900474275.1;452695;Synergus japonicus;Hymenoptera;0
GCA_023089585.1;452749;Melophagus ovinus;Diptera;0
GCA_014851415.1;437488;Cnaphalocrocis medinalis;Lepidoptera;0
GCA_022376115.1;434251;Lasioglossum baleicum;Hymenoptera;0
GCA_018151455.1;429045;Zaprionus tsacasi;Diptera;0
GCA_016170015.1;412009;Anopheles longipalpis;Diptera;0
GCA_946251815.1;414801;Dasysyrphus albostriatus;Diptera;0
GCA_947049305.1;414814;Epistrophella euchroma;Diptera;0
GCA_018251835.1;509445;Orses cynisca;Lepidoptera;0
GCA_018232345.1;509483;Spialia sertorius;Lepidoptera;0
GCA_011636635.1;443853;Tetramorium simillimum;Hymenoptera;0
GCA_018906985.1;490712;Apocrypta bakeri;Hymenoptera;0
GCA_006980735.1;468822;Dasypogon diadema;Diptera;0
GCA_001594075.2;471704;Trachymyrmex cornetzi;Hymenoptera;0
GCA_012274295.1;473952;Osmia lignaria;Hymenoptera;0
GCA_019453375.1;481568;Ctenoplectra terminalis;Hymenoptera;0
GCA_945859595.2;481575;Megachile willughbiella;Hymenoptera;0
GCA_010583005.1;486640;Odontomachus brunneus;Hymenoptera;0
GCA_018251795.1;489932;Perichares adela;Lepidoptera;0
GCA_018257835.1;469982;Euura lappo;Hymenoptera;0
GCA_916618085.2;467774;Emmelina monodactyla;Lepidoptera;0
GCA_910595045.1;987877;Amphipyra berbera;Lepidoptera;0
GCA_004115105.1;690910;Lymantriadispar;Lepidoptera;0
GCA_001278395.1;691651;Lerema accius;Lepidoptera;0
GCA_943735965.1;934840;Eupithecia abbreviata;Lepidoptera;0
GCA_944547425.1;934844;Eupithecia centaureata;Lepidoptera;0
GCA_947044255.1;934845;Eupithecia dodoneata;Lepidoptera;0
GCA_004149445.1;499227;Drosophila nigromelanica;Diptera;0
GCA_905332985.1;522848;Mimas tiliae;Lepidoptera;0
GCA_018251195.1;509503;Timochares trifasciata;Lepidoptera;0
GCA_001483705.1;516756;Eufriesea mexicana;Hymenoptera;0
GCA_018252175.1;519490;Cyclargus thomasi;Lepidoptera;0
GCA_001594045.1;520822;Atta colombica;Hymenoptera;0
GCA_905147235.1;520884;Erynnis tages;Lepidoptera;0
GCA_905220505.1;522836;Laothoe populi;Lepidoptera;0
GCA_018248435.1;509524;Zopyrion sandace;Lepidoptera;0
GCA_024757885.1;464719;Apantesis nais;Lepidoptera;0
GCA_903961255.1;689277;Chrysodeixis includens;Lepidoptera;0
GCA_004480015.1;493209;Atta texana;Hymenoptera;0
GCA_018232265.1;460134;Junonia villida;Lepidoptera;0
GCA_013357705.1;460826;Chelonus insularis;Hymenoptera;0
GCA_001014415.1;462259;Phortica variegata;Diptera;0
GCA_025490895.1;463830;Thaumatotibia leucotreta;Lepidoptera;0
GCA_004916985.1;441929;Neodiprion pinetum;Hymenoptera;0
GCA_900068775.1;573617;Heliconiustimareta;Lepidoptera;0
GCA_916610175.2;569046;Gymnosoma rotundatum;Diptera;0
GCA_011392965.1;561572;Frieseomelitta varia;Hymenoptera;0
GCA_907165295.1;601510;Nomada fabriciana;Hymenoptera;0
GCA_947095595.1;566305;Nephrocerus scutellatus;Diptera;0
GCA_900005825.1;568069;Clunio marinus;Diptera;0
GCA_932526305.1;569040;Epicampocera succincta;Diptera;0
GCA_001486265.1;573616;Heliconiustimareta;Lepidoptera;0
Leptomastidea abnormis;559134;Leptomastidea abnormis;Hymenoptera;0
GCA_012932125.1;538958;Conopomorpha cramerella;Lepidoptera;0
GCA_003063835.1;602633;Aphaenogaster floridana;Hymenoptera;0
GCA_024363005.1;658839;Charaxes varanes;Lepidoptera;0
GCA_018230265.1;662802;Delias oraia;Lepidoptera;0
GCA_003055125.1;559696;Paykullia maculata;Diptera;0
GCA_017141405.1;554476;Asobara japonica;Hymenoptera;0
GCA_018231225.1;663902;Noctuana stator;Lepidoptera;0
GCA_001263275.1;597456;Habropoda laboriosa;Hymenoptera;0
GCA_920105625.2;576317;Clusia tigrina;Diptera;0
GCA_024533555.1;586676;Aedes koreicus;Diptera;0
GCA_900474335.1;591002;Ormyrus nitidulus;Hymenoptera;0
GCA_001017515.1;594049;Tephritis californica;Diptera;0
GCA_927399465.1;596942;Sarcophaga caerulescens;Diptera;0
GCA_010645165.1;597209;Tetragonula davenporti;Hymenoptera;0
GCA_014825495.1;600681;Pseudomyrmexsp.;Hymenoptera;0
GCA_900068685.1;544895;Heliconiusmelpomene;Lepidoptera;0
GCA_014825605.1;600709;Pseudomyrmex elongatus;Hymenoptera;0
GCA_024372645.1;543379;Trichomalopsis sarcophagae;Hymenoptera;0
GCA_943735925.1;670595;Pollenia amentaria;Diptera;0
GCA_944452675.1;631329;Tachina lurida;Diptera;0
GCA_003063805.1;602585;Aphaenogaster ashmeadi;Hymenoptera;0
GCA_936446695.1;613196;Nowickia ferox;Diptera;0
GCA_024268025.1;613905;Nylanderia fulva;Hymenoptera;0
GCA_017607525.1;621737;Pseudoatta argentina;Hymenoptera;0
GCA_003595255.1;625136;Solenopsis fugax;Hymenoptera;0
GCA_011638315.1;628798;Tetramorium parvispinum;Hymenoptera;0
GCA_905220375.1;631328;Tachina fera;Diptera;0
GCA_000147195.1;610380;Harpegnathos saltator;Hymenoptera;0
GCA_002156465.1;535359;Macrocentrus cingulum;Hymenoptera;0
GCA_901521435.1;531929;Crematogaster levior;Hymenoptera;0
GCA_001485985.1;441047;Heliconiusethilla;Lepidoptera;0
GCA_021901455.1;441921;Neodiprion lecontei;Hymenoptera;0
GCA_945859755.1;689061;Apamea sordens;Lepidoptera;0
GCA_018248535.1;676914;Hovala pardalina;Lepidoptera;0
GCA_001186105.1;680683;Amyelois transitella;Lepidoptera;0
GCA_014825825.1;686820;Bombus turneri;Hymenoptera;0
GCA_927399415.1;688445;Macaria notata;Lepidoptera;0
GCA_905220435.1;689058;Amphipyra tragopoginis;Lepidoptera;0
GCA_001313825.1;609295;Dinoponera quadriceps;Hymenoptera;0
GCA_905220465.1;644661;Deilephila porcellus;Lepidoptera;0
GCA_023159175.1;641482;Wohlfahrtia magnifica;Diptera;0
GCA_003063765.1;602636;Aphaenogaster fulva;Hymenoptera;0
GCA_003063725.1;602682;Aphaenogaster miamiana;Hymenoptera;0
GCA_003063865.1;602698;Aphaenogaster picea;Hymenoptera;0
GCA_913698475.1;608677;Gnoriste bilineata;Diptera;0
GCA_947086465.1;934847;Eupithecia exiguata;Lepidoptera;0
GCA_914767725.1;748215;Sesia apiformis;Lepidoptera;0
GCA_018236065.1;717267;Curvie emesia;Lepidoptera;0
GCA_018237205.1;717266;Emesis cypria;Lepidoptera;0
GCA_905147285.1;753189;Hypena proboscidalis;Lepidoptera;0
GCA_018236405.1;717265;Emesis brimo;Lepidoptera;0
GCA_018258255.2;871304;Lymantriadispar;Lepidoptera;0
GCA_018258235.2;871305;Lymantriadispar;Lepidoptera;0
GCA_902825455.1;874455;Arctia plantaginis;Lepidoptera;0
GCA_905220595.1;875880;Spilosoma lubricipeda;Lepidoptera;0
GCA_916048165.1;875881;Spilarctia lutea;Lepidoptera;0
GCA_018246275.1;866285;Papilio slateri;Lepidoptera;0
GCA_018236525.1;717269;Emesis lucinda;Lepidoptera;0
GCA_929442715.1;721165;Watsonalla binaria;Lepidoptera;0
GCA_905220475.3;722662;Ennomos fuscantarius;Lepidoptera;0
GCA_905147375.1;722673;Hylaea fasciaria;Lepidoptera;0
GCA_001465965.1;743375;Polistes dominula;Hymenoptera;0
GCA_018903435.1;745178;Leucophenga varia;Diptera;0
GCA_018237845.1;717276;Euselasia chrysippe;Lepidoptera;0
GCA_018237265.1;717268;Emesis lacrines;Lepidoptera;0
Torymus flavipes;714621;Torymus flavipes;Hymenoptera;0
GCA_004799115.1;702717;Tuta absoluta;Lepidoptera;0
GCA_018249175.1;705134;Aguna metophis;Lepidoptera;0
GCA_022318365.1;705135;Anthoptus insignis;Lepidoptera;0
GCA_936450705.1;708063;Protodeltote pygarga;Lepidoptera;0
GCA_019425675.1;711050;Leucinodes orbonalis;Lepidoptera;0
GCA_900474315.1;714620;Torymus auratus;Hymenoptera;0
GCA_910589525.2;875883;Ennomos quercinarius;Lepidoptera;0
GCA_946478455.1;934866;Eupithecia vulgata;Lepidoptera;0
GCA_900068355.1;1756245;Heliconiuselevatus;Lepidoptera;0
GCA_947095545.1;753441;Trisateles emortualis;Lepidoptera;0
GCA_927399475.2;758706;Acleris emargana;Lepidoptera;0
GCA_923062465.1;758717;Acleris sparsana;Lepidoptera;0
GCA_019925095.1;765133;Dendrolimus kikuchii;Lepidoptera;0
GCA_900474305.1;797374;Cecidostiba fungosa;Hymenoptera;0
GCA_946902865.1;753375;Nematopogon swammerdamellus;Lepidoptera;0
GCA_900068455.1;1756246;Heliconiushecuba;Lepidoptera;0
GCA_900068575.1;1756247;Heliconiusmelpomene;Lepidoptera;0
GCA_018234565.1;2691558;Junonianeildi;Lepidoptera;0
GCA_018232205.1;2691559;Junoniavestina;Lepidoptera;0
GCA_018233665.1;2691561;Junoniazonalis;Lepidoptera;0
GCA_003055095.1;863708;Goniozus legneri;Hymenoptera;0
GCA_905147745.2;875884;Phlogophora meticulosa;Lepidoptera;0
GCA_911387795.2;875885;Apamea monoglypha;Lepidoptera;0
GCA_905404295.2;876063;Ochlodes sylvanus;Lepidoptera;0
GCA_018231145.1;876077;Spialia orbifer;Lepidoptera;0
GCA_024137725.1;863751;Prorops nasuta;Hymenoptera;0
GCA_905147805.2;753216;Phalera bucephala;Lepidoptera;0
GCA_019049445.1;860918;Ampulex compressa;Hymenoptera;0
GCA_905163415.1;753202;Noctua fimbriata;Lepidoptera;0
GCA_905147325.1;753204;Notodonta dromedarius;Lepidoptera;0
GCA_932294345.1;753214;Pandemis cinnamomeana;Lepidoptera;0
GCA_905147775.1;721163;Thyatira batis;Lepidoptera;0
GCA_900474385.1;909788;Ormyrus pomaceus;Hymenoptera;0
GCA_003952975.1;928822;Scaptomyza flava;Diptera;0
GCA_905332345.1;929971;Nymphalis c-album;Lepidoptera;0
GCA_018247495.1;929994;Satarupa nymphalis;Lepidoptera;0
GCA_912999815.1;934813;Campaea margaritaria;Lepidoptera;0
GCA_932294275.1;934828;Chloroclysta siterata;Lepidoptera;0
GCA_001486245.1;884340;Heliconiusnumata;Lepidoptera;0
GCA_918811585.1;934888;Philereme vetulata;Lepidoptera;0
GCA_917880725.1;934894;Selenia dentaria;Lepidoptera;0
GCA_947086425.1;934904;Xanthorhoe spadicearia;Lepidoptera;0
GCA_914767945.1;987419;Eilema depressum;Lepidoptera;0
GCA_914829495.1;987424;Eilema sororculum;Lepidoptera;0
GCA_916618015.1;987431;Xestia c-nigrum;Lepidoptera;0
GCA_900480025.1;909778;Eupelmus annulatus;Hymenoptera;0
GCA_900474235.1;909773;Cecidostiba semifascia;Hymenoptera;0
GCA_907165225.1;721137;Habrosyne pyritoides;Lepidoptera;0
GCA_918843955.1;934839;Eulithis prunata;Lepidoptera;0
GCA_947049285.1;934875;Ligdia adustata;Lepidoptera;0
GCA_932526365.1;934876;Lobophora halterata;Lepidoptera;0
GCA_931315375.2;934882;Opisthograptis luteolata;Lepidoptera;0
GCA_018397935.1;903466;Propsilocerus akamusi;Diptera;0
GCA_907269135.1;934829;Crocallis elinguaria;Lepidoptera;0
GCA_001486745.1;884341;Heliconiusnumata;Lepidoptera;0
GCA_001486225.1;884342;Heliconiuspardalinus;Lepidoptera;0
GCA_945859575.1;987440;Herminia tarsipennalis;Lepidoptera;0
GCA_914767695.1;987449;Ptilodon capucinus;Lepidoptera;0
GCA_947063395.1;934942;Hemistola chrysoprasaria;Lepidoptera;0
GCA_013123115.1;935657;Colletes gigas;Hymenoptera;0
GCA_944739405.1;938167;Euclidia mi;Lepidoptera;0
GCA_905340225.1;938171;Abrostola tripartita;Lepidoptera;0
GCA_905163465.1;938226;Craniophora ligustri;Lepidoptera;0
GCA_911387715.2;881891;Dolichovespula media;Hymenoptera;0
GCA_018232385.1;876084;Muschampia tessellum;Lepidoptera;0
GCA_018237805.1;717296;Mesosemia grandis;Lepidoptera;0
GCA_018237665.1;717302;Nymphidium onaeum;Lepidoptera;0
GCA_018237485.1;717317;Sarota myrtea;Lepidoptera;0
GCA_018237325.1;717351;Calydna sturnula;Lepidoptera;0
GCA_018237705.1;717384;Symmachia rubina;Lepidoptera;0
GCA_929108405.1;934940;Gymnoscelis rufifasciata;Lepidoptera;0
GCA_947095555.1;934936;Electrophaes corylata;Lepidoptera;0
GCA_946251955.1;987865;Acronicta psi;Lepidoptera;0
GCA_914767755.1;987866;Agrochola circellaris;Lepidoptera;0
GCA_916701695.1;987872;Agrochola macilenta;Lepidoptera;0
GCA_939531245.2;987013;Thera britannica;Lepidoptera;0
GCA_905147035.1;938238;Laspeyria flexula;Lepidoptera;0
GCA_934044485.1;934915;Apeira syringaria;Lepidoptera;0
GCA_921293045.1;934917;Aplocera efformata;Lepidoptera;0
GCA_905147225.2;987935;Euproctis similis;Lepidoptera;0
GCA_946251885.1;987909;Cosmia pyralina;Lepidoptera;0
GCA_946251805.1;987918;Cybosia mesomella;Lepidoptera;0
GCA_943138005.2;988041;Tholera decimalis;Lepidoptera;0
GCA_932274075.1;987925;Diarsia rubi;Lepidoptera;0
GCA_921972225.1;987933;Euplexia lucipara;Lepidoptera;0
GCA_905475355.2;987902;Clostera curtula;Lepidoptera;0
GCA_911728495.1;987943;Furcula furcula;Lepidoptera;0
GCA_907164795.1;987953;Hemaris fuciformis;Lepidoptera;0
GCA_932294325.1;988056;Allophyes oxyacanthae;Lepidoptera;0
GCA_932526345.1;987895;Caradrina clavipalpis;Lepidoptera;0
GCA_002197625.1;998830;Bombyx huttoni;Lepidoptera;0
GCA_905404125.1;988018;Pheosia gnoma;Lepidoptera;0
GCA_905147275.1;987985;Mythimna impura;Lepidoptera;0
GCA_910589295.1;987995;Noctua janthe;Lepidoptera;0
GCA_918843915.1;988002;Notodonta ziczac;Lepidoptera;0
GCA_947038005.1;988004;Nycteola revayana;Lepidoptera;0
GCA_905333125.1;988019;Pheosia tremula;Lepidoptera;0
GCA_905187585.1;988025;Cyaniris semiargus;Lepidoptera;0
GCA_933228775.1;987980;Miltochrista miniata;Lepidoptera;0
GCA_936440415.1;987977;Meganola albula;Lepidoptera;0
GCA_916611985.1;997551;Mesoligia furuncula;Lepidoptera;0
GCA_022318285.1;1005070;Aguna claxon;Lepidoptera;0
GCA_929113785.1;987983;Mythimna albipuncta;Lepidoptera;0
GCA_932294315.1;989769;Epinotia nisella;Lepidoptera;0
GCA_937001585.1;988081;Brachylomia viminalis;Lepidoptera;0
GCA_917490735.1;988106;Dryobotodes eremita;Lepidoptera;0
GCA_941918905.1;997545;Xestia sexstrigata;Lepidoptera;0
GCA_905332915.2;988125;Hecatera dysodea;Lepidoptera;0
GCA_927399505.1;988174;Luperina testacea;Lepidoptera;0
GCA_905333075.3;988071;Atethmia centrago;Lepidoptera;0
GCA_018250415.1;993870;Entheussp.;Lepidoptera;0
GCA_018252375.1;994084;Zerasp.;Lepidoptera;0
GCA_018231665.1;996777;Papilio gigon;Lepidoptera;0
GCA_910589285.2;997540;Mythimna ferrago;Lepidoptera;0
GCA_905475435.1;987893;Autographa pulchrina;Lepidoptera;0
GCA_022342945.1;1337707;Junoniaevarete;Lepidoptera;0
GCA_929447575.1;1352479;Epistrophe grossulariae;Diptera;0
GCA_945859655.1;988060;Anorthoa munda;Lepidoptera;0
GCA_018250375.1;1029749;Narcosiusparisi;Lepidoptera;0
GCA_018238065.1;1043216;Leptidea juvernica;Lepidoptera;0
GCA_018251555.1;1030326;Autochton bipunctatus;Lepidoptera;0
GCA_018236585.1;1030327;Emesis aurimna;Lepidoptera;0
GCA_018251615.1;1030329;Spioniades abbreviata;Lepidoptera;0
GCA_023078275.1;1035111;Leguminivora glycinivorella;Lepidoptera;0
GCA_018152115.1;1041015;Drosophila rhopaloa;Diptera;0
GCA_944548615.1;1042620;Micropterix aruncella;Lepidoptera;0
GCA_018902335.1;1045633;Eumacrocentrus americanus;Hymenoptera;0
GCA_020466095.1;1046848;Chlorops oryzae;Diptera;0
GCA_018250795.1;1052498;Clitosp.;Lepidoptera;0
GCA_018250015.1;1053887;Nicephellus nicephorus;Lepidoptera;0
GCA_001486725.1;1077261;Heliconiusnumata;Lepidoptera;0
GCA_910591565.2;1100963;Cydia splendana;Lepidoptera;0
GCA_943735915.1;1096077;Pherbina coryleti;Diptera;0
GCA_946894065.1;1100899;Acleris literana;Lepidoptera;0
GCA_932273695.1;1100915;Apotomis betuletana;Lepidoptera;0
GCA_001486685.1;1109113;Heliconiustimareta;Lepidoptera;0
GCA_905147355.2;1100916;Apotomis turbidana;Lepidoptera;0
GCA_021464445.1;1086592;Cataglyphis hispanica;Hymenoptera;0
GCA_947034915.1;1100989;Eudemis profundana;Lepidoptera;0
GCA_911728535.1;1101027;Pammene fasciana;Lepidoptera;0
GCA_910589645.1;1101063;Tinea semifulvella;Lepidoptera;0
GCA_907165235.1;1101072;Zeuzera pyrina;Lepidoptera;0
GCA_916610145.1;1124515;Eristalis arbustorum;Diptera;0
GCA_944738625.1;1108570;Synanthedon myopaeformis;Lepidoptera;0
GCA_937001555.1;1101110;Hypsopygia costalis;Lepidoptera;0
GCA_018231345.1;1107551;Carcharodus tripolina;Lepidoptera;0
GCA_018230905.1;1107688;Muschampia proto;Lepidoptera;0
GCA_936446665.1;1108569;Synanthedon andrenaeformis;Lepidoptera;0
GCA_001486065.1;1109109;Heliconiushecale;Lepidoptera;0
GCA_001485725.1;1109111;Heliconiusismenius;Lepidoptera;0
GCA_001486605.1;1109112;Heliconiuspardalinus;Lepidoptera;0
GCA_905160925.1;1101095;Endotricha flammealis;Lepidoptera;0
GCA_900068275.1;1116483;Heliconiuscydno;Lepidoptera;0
GCA_922984205.1;1219204;Sicus ferrugineus;Diptera;0
Meteorus cinctellus;1080865;Meteorus cinctellus;Hymenoptera;0
GCA_913789915.3;1190790;Sphecodes monilicornis;Hymenoptera;0
GCA_910591665.1;1126389;Ectemnius continuus;Hymenoptera;0
GCA_944738655.1;1126402;Andrena hattorfiana;Hymenoptera;0
GCA_018237405.1;1141077;Thisbe lycorias;Lepidoptera;0
GCA_910591515.1;1167272;Cerceris rybyensis;Hymenoptera;0
GCA_900480045.1;1172129;Eurytoma adleriae;Hymenoptera;0
GCA_929113495.1;1190802;Andrena minutula;Hymenoptera;0
GCA_920104205.1;1124558;Eupeodes latifasciatus;Diptera;0
GCA_930367235.1;1206372;Sarcophaga rosellei;Diptera;0
GCA_900068315.1;1207006;Heliconiuscydno;Lepidoptera;0
GCA_900068495.1;1207007;Heliconiusmelpomene;Lepidoptera;0
GCA_018874535.1;1084936;Drosophila fengkainensis;Diptera;0
Meteorus colon;1080867;Meteorus colon;Hymenoptera;0
GCA_914767935.1;1226616;Coremacera marginata;Diptera;0
GCA_018232185.1;1337683;Junoniaevarete;Lepidoptera;0
GCA_941918925.1;1262321;Phyto melanocephala;Diptera;0
GCA_930367215.1;1266490;Pollenia angustigena;Diptera;0
GCA_018152825.1;1334208;Scaptomyza hsui;Diptera;0
GCA_932294355.1;1337163;Aporophyla lueneburgensis;Lepidoptera;0
GCA_937641085.1;1219171;Thecophora atra;Diptera;0
GCA_900068345.1;1608915;Laparusdoris;Lepidoptera;0
GCA_900068335.1;1608916;Laparusdoris;Lepidoptera;0
GCA_900068745.1;1608919;Heliconiuspardalinus;Lepidoptera;0
GCA_946251835.1;1411667;Andrena fulva;Hymenoptera;0
GCA_018246095.1;1377565;Toxidia parvulus;Lepidoptera;0
GCA_944452935.1;1385029;Rhogogaster chlorosoma;Hymenoptera;0
GCA_001510915.1;1501340;Heliconiuscydno;Lepidoptera;0
GCA_018153305.1;1395515;Drosophila kurseongensis;Diptera;0
GCA_929108735.1;1411666;Andrena dorsata;Hymenoptera;0
GCA_934046635.1;1419289;Buathra laborator;Hymenoptera;0
GCA_018467065.1;1373157;Ephestia elutella;Lepidoptera;0
GCA_025407655.1;1424507;Aedesaegypti;Diptera;0
GCA_900068535.1;1501341;Heliconiusmelpomene;Lepidoptera;0
GCA_018252035.1;1502686;Urbanussp.;Lepidoptera;0
GCA_945859555.1;1542540;Megachile ligniseca;Hymenoptera;0
GCA_018231605.1;1375868;Papilio ambrax;Lepidoptera;0
GCA_927399455.1;1371681;Calamotropha paludella;Lepidoptera;0
GCA_020976665.1;1557813;Heortia vitessoides;Lepidoptera;0
GCA_018233805.1;1500674;Junoniaevarete;Lepidoptera;0
GCA_014743375.2;1486046;Drosophila subpulchrella;Diptera;0
GCA_943734695.1;1496333;Anopheles maculipalpis;Diptera;0
GCA_018248735.1;1469280;Tagiades litigiosa;Lepidoptera;0
GCA_004153925.1;1437191;Osmiabicornis;Hymenoptera;0
GCA_001015145.1;1352481;Eristalis dimidiata;Diptera;0
GCA_018249655.1;1371081;Anisynta dominula;Lepidoptera;0
GCA_019059595.1;1555629;Marasmia exigua;Lepidoptera;0
GCA_016920775.1;1564500;Bradysia odoriphaga;Diptera;0
GCA_943734725.1;1521116;Anopheles marshallii;Diptera;0
GCA_016097205.1;1518534;Anopheles coluzzii;Diptera;0
GCA_017562165.1;1530245;Ectropis grisescens;Lepidoptera;0
GCA_016277805.1;1527559;Papilio aristodemus;Lepidoptera;0
Eupelmus azureus;1566849;Eupelmus azureus;Hymenoptera;0
GCA_001014425.1;1577620;Trichoceridaesp.;Diptera;0
GCA_020615435.1;1569972;Telenomus remus;Hymenoptera;0
GCA_907269125.1;1572519;Eristalis pertinax;Diptera;0
GCA_944452655.1;1539398;Ophion luteus;Hymenoptera;0
GCA_001014675.1;1577615;Ephydra gracilis;Diptera;0
GCA_001015075.1;1577616;Cirrula hians;Diptera;0
GCA_001015215.1;1577617;Holcocephala fusca;Diptera;0
GCA_001047195.1;1577618;Sarcophagidaesp.;Diptera;0
GCA_001014845.1;1577623;Mochlonyx cinctipes;Diptera;0
GCA_001015115.1;1577624;Eutreta diana;Diptera;0
GCA_001014665.1;1582032;Trupanea jonesi;Diptera;0
GCA_001014875.1;1577614;Condylostylus patibulatus;Diptera;0
GCA_018246335.1;1527572;Papiliothoas;Lepidoptera;0
GCA_018248035.1;1505875;Papilio joanae;Lepidoptera;0
GCA_002201625.1;1507135;Euglossa dilemma;Hymenoptera;0
Copidosoma aretas;1485371;Copidosoma aretas;Hymenoptera;0
GCA_003589595.1;1477025;Hyposmocoma kahamanoa;Lepidoptera;0
GCA_018232305.1;1476602;Spialia phlomidis;Lepidoptera;0
GCA_923062595.1;1594453;Marasmarcha lunaedactyla;Lepidoptera;0
GCA_945869435.1;1594294;Epinotia demarniana;Lepidoptera;0
GCA_905163555.1;1594315;Notocelia uddmanniana;Lepidoptera;0
GCA_022342985.1;1653868;Junonia nigrosuffusa;Lepidoptera;0
GCA_910589355.1;1594321;Parapoynx stratiotata;Lepidoptera;0
GCA_905220615.1;1594354;Tinea trinotella;Lepidoptera;0
GCA_018238005.1;1596008;Eurema mandarina;Lepidoptera;0
GCA_947049275.1;1594293;Epinotia bilunana;Lepidoptera;0
GCA_024741255.1;1601820;Exechia fusca;Diptera;0
GCA_933228675.1;1606781;Stomorhina lunata;Diptera;0
GCA_928269205.1;1594226;Agriphila tristella;Lepidoptera;0
GCA_947044815.1;1666458;Apomyelois bistriatella;Lepidoptera;0
GCA_018231205.1;1469290;Gomalia elma;Lepidoptera;0
GCA_018249695.1;1608923;Heliconiuserato;Lepidoptera;0
GCA_900068635.1;1608924;Heliconiusmelpomene;Lepidoptera;0
GCA_018244995.1;1616230;Ortholexis hollandi;Lepidoptera;0
GCA_910589405.1;1594250;Chrysoteuchia culmella;Lepidoptera;0
GCA_018247455.1;1607945;Katreus johnstonii;Lepidoptera;0
GCA_943193645.1;1666818;Acentria ephemerella;Lepidoptera;0
GCA_914767735.1;1667466;Anoplius nigerrimus;Hymenoptera;0
GCA_943789525.1;1660579;Agriphila geniculea;Lepidoptera;0
GCA_944452665.1;1660692;Stenoptilia bipunctidactyla;Lepidoptera;0
GCA_927400025.1;1594222;Agonopterix arenella;Lepidoptera;0
GCA_022318245.1;1674385;Augiades crinisus;Lepidoptera;0
GCA_018248695.1;1674424;Nascus phocus;Lepidoptera;0
GCA_018249155.1;1674429;Panoquinaocola;Lepidoptera;0
GCA_018237685.1;1674529;Pachythone gigas;Lepidoptera;0
GCA_018249675.1;1678306;Sericinus montela;Lepidoptera;0
GCA_018248835.1;1681819;Oxynetra aureopecta;Lepidoptera;0
GCA_018237465.1;1704403;Dianesia carteri;Lepidoptera;0
GCA_016171315.1;1712672;Anophelessp.;Diptera;0
GCA_001932985.1;1717472;Proctacanthus coquilletti;Diptera;0
GCA_023091795.1;1735703;Megaphragma amalphitanum;Hymenoptera;0
GCA_018904305.1;1740953;Scaptomyza montana;Diptera;0
GCA_918305855.1;1660703;Synanthedon vespiformis;Lepidoptera;0
GCA_018246255.1;2066002;Pachliopta kotzebuea;Lepidoptera;0
GCA_014737385.1;1869276;Bombus superbus;Hymenoptera;0
GCA_914767995.1;1918310;Thecocarcelia acutangulata;Diptera;0
GCA_018247155.1;1921484;Charidia lucaria;Lepidoptera;0
GCA_017140195.1;2056227;Eumaeus atala;Lepidoptera;0
GCA_018246235.1;2064775;Ornithoptera richmondia;Lepidoptera;0
GCA_018248015.1;2064825;Atrophaneura dixoni;Lepidoptera;0
GCA_018906755.1;2072516;Sycophaga agraensis;Hymenoptera;0
GCA_935421205.1;1870430;Xylocampa areola;Lepidoptera;0
GCA_018236965.1;2086723;Apodemia duryi;Lepidoptera;0
GCA_018236985.1;2086725;Apodemia multiplaga;Lepidoptera;0
GCA_018251875.1;2049228;Lychnuchoides ozias;Lepidoptera;0
GCA_018236305.1;2086726;Emesis phyciodoides;Lepidoptera;0
GCA_018235965.1;2086728;Apodemia nais;Lepidoptera;0
GCA_022343005.1;2086729;Apodemia hepburni;Lepidoptera;0
GCA_018237965.1;2086732;Apodemia hypoglauca;Lepidoptera;0
GCA_018237385.1;2086735;Apodemia murphyi;Lepidoptera;0
GCA_947086445.1;1870148;Pammene aurita;Lepidoptera;0
GCA_018237765.1;2086741;Apodemia walkeri;Lepidoptera;0
GCA_922987775.1;1857958;Agonopterix subpropinquella;Lepidoptera;0
GCA_934041175.1;1870436;Ypsolopha sequella;Lepidoptera;0
GCA_910591985.1;1870435;Ypsolopha scabrella;Lepidoptera;0
GCA_018250075.1;1825285;Orphe vatinius;Lepidoptera;0
GCA_913698375.1;1834408;Ceroptres masudai;Hymenoptera;0
GCA_943193695.1;1857951;Acrobasis suavella;Lepidoptera;0
GCA_943136025.1;1857961;Agrotis puta;Lepidoptera;0
GCA_937654215.1;1918221;Cistogaster globosa;Diptera;0
GCA_021223865.1;1867034;Drosophila pandora;Diptera;0
GCA_907269095.1;1869501;Blastobasis adustella;Lepidoptera;0
GCA_905404275.2;1869985;Hedya salicella;Lepidoptera;0
GCA_022343025.1;2086736;Apodemia palmerii;Lepidoptera;0
GCA_011636585.1;2164160;Tetramorium immigrans;Hymenoptera;0
GCA_024741295.1;1914935;Macrocera vittata;Diptera;0
GCA_018245895.1;2585877;Jonaspyge jonas;Lepidoptera;0
GCA_904066015.1;2006715;Synergus gifuensis;Hymenoptera;0
GCA_018251515.1;2233721;Cecropterus confusis;Lepidoptera;0
GCA_018249915.1;2233723;Cecropterusdorantes;Lepidoptera;0
GCA_018249275.1;2233728;Cecropterus evenus;Lepidoptera;0
GCA_018245175.1;2585872;Elbella theseus;Lepidoptera;0
GCA_018246635.1;2585874;Jemadiahospita;Lepidoptera;0
GCA_018246675.1;2585875;Jemadia scomber;Lepidoptera;0
GCA_018245575.1;2585876;Jemadia suekentonmiller;Lepidoptera;0
GCA_018246755.1;2585878;Jonaspyge tzotzili;Lepidoptera;0
GCA_018420115.1;2033416;Euura saliciscinereae;Hymenoptera;0
GCA_018245975.1;2585879;Ortholexis holocausta;Lepidoptera;0
GCA_018246715.1;2585880;Mimoniades fallax;Lepidoptera;0
GCA_018244735.1;2585882;Mimoniadesnurscia;Lepidoptera;0
GCA_018246595.1;2585883;Mimoniadesnurscia;Lepidoptera;0
GCA_018237025.1;2049107;Emesis russula;Lepidoptera;0
GCA_018249125.1;2025669;Asbolis capucinus;Lepidoptera;0
GCA_018251735.1;2201486;Eantismithridates;Lepidoptera;0
GCA_018232165.1;1987134;Junoniavestina;Lepidoptera;0
GCA_018235905.1;2086727;Apodemia chisosensis;Lepidoptera;0
GCA_018249335.1;2233720;Cecropterus casica;Lepidoptera;0
GCA_018251815.1;2049226;Lycas argentea;Lepidoptera;0
GCA_022318265.1;2049165;Pyrrhopygopsis socrates;Lepidoptera;0
GCA_018252135.1;1921488;Haemactis sanguinalis;Lepidoptera;0
GCA_009823575.1;1922239;Ganaspis brasiliensis;Hymenoptera;0
GCA_018251895.1;1945772;Agathymusmariae;Lepidoptera;0
GCA_018231625.1;1968088;Papilio phestus;Lepidoptera;0
GCA_014737405.1;2024865;Bombus opulentus;Hymenoptera;0
GCA_002806875.1;2004999;Lepidotrigonaventralis;Hymenoptera;0
GCA_018237505.1;2049203;Zabuella tenellus;Lepidoptera;0
GCA_904066005.1;2006714;Synergus itoensis;Hymenoptera;0
GCA_002245505.1;2010996;Calephelis nemesis;Lepidoptera;0
GCA_002245475.1;2010997;Calephelis virginiensis;Lepidoptera;0
GCA_003672135.1;2015173;Ooceraea biroi;Hymenoptera;0
GCA_018252075.1;1909386;Eburuncus unifasciata;Lepidoptera;0
GCA_018248755.1;2233676;Aurina azines;Lepidoptera;0
GCA_022318305.1;2201554;Gerosis bhagava;Lepidoptera;0
GCA_018231245.1;2201555;Gorgopas trochilus;Lepidoptera;0
GCA_018250895.1;2201521;Carterocephalus mandan;Lepidoptera;0
GCA_018251355.1;2201490;Ampittiadioscorides;Lepidoptera;0
GCA_018251255.1;2201600;Pyrrhopyge hadassa;Lepidoptera;0
GCA_018251675.1;2201603;Sarmientola browni;Lepidoptera;0
GCA_018248875.1;2201726;Zoniazonia;Lepidoptera;0
GCA_018250435.1;2233677;Autochton oryx;Lepidoptera;0
GCA_018250095.1;2201551;Eracon sarahburnsae;Lepidoptera;0
GCA_018250395.1;2233679;Autochtonpotrillo;Lepidoptera;0
GCA_018251055.1;2233685;Ectomis asine;Lepidoptera;0
GCA_018248775.1;2233687;Ectomis labriaris;Lepidoptera;0
GCA_018248795.1;2233690;Ectomis octomaculata;Lepidoptera;0
GCA_018248715.1;2233692;Ectomis perniciosus;Lepidoptera;0
GCA_018248455.1;2233693;Ectomis pervivax;Lepidoptera;0
GCA_018249515.1;2233695;Euriphellus phraxanor;Lepidoptera;0
GCA_018249495.1;2233702;Urbanus megalurus;Lepidoptera;0
GCA_018251475.1;2201553;Euphyes dion;Lepidoptera;0
GCA_018252055.1;2201545;Epargyreus spanna;Lepidoptera;0
GCA_018249395.1;2233716;Cecropterus acanthopoda;Lepidoptera;0
GCA_018251535.1;2201504;Autochton itylus;Lepidoptera;0
GCA_018250935.1;2201591;Piruna pirus;Lepidoptera;0
GCA_018250815.1;2201596;Potamanaxas melicertes;Lepidoptera;0
GCA_018248335.1;2201563;Hesperopsisalpheus;Lepidoptera;0
GCA_018248915.1;2201562;Hesperiameskei;Lepidoptera;0
GCA_018248555.1;2201560;Heliopetes sublinea;Lepidoptera;0
GCA_018248575.1;2201556;Heliopetes ericetorum;Lepidoptera;0
GCA_018250675.1;2201499;Astraptes naxos;Lepidoptera;0
GCA_018248635.1;2201501;Aurina dida;Lepidoptera;0
GCA_018251715.1;2201506;Autochton pseudocellus;Lepidoptera;0
GCA_018249055.1;2201526;Codatractus cyledis;Lepidoptera;0
GCA_018249295.1;2201507;Autochton reflexus;Lepidoptera;0
GCA_018247315.1;2201513;Bibasisiluska;Lepidoptera;0
GCA_018250355.1;2201514;Bolla brennus;Lepidoptera;0
GCA_018249435.1;2201518;Butleriaflavomaculatus;Lepidoptera;0
GCA_018250135.1;2201598;Pseudodrephalys atinas;Lepidoptera;0
GCA_018250535.1;2201519;Caltorissirius;Lepidoptera;0
GCA_018248315.1;2201523;Chioides albofasciatus;Lepidoptera;0
GCA_018248395.1;2201524;Chioides vintra;Lepidoptera;0
GCA_022318345.1;2233703;Urbanus tucuti;Lepidoptera;0
GCA_018250195.1;2233717;Cecropterus albociliatus;Lepidoptera;0
GCA_018250855.1;1908738;Odontoptilum angulatum;Lepidoptera;0
GCA_018231985.1;1873863;Spialia ali;Lepidoptera;0
GCA_018250955.1;2201709;Emmelus purpurascens;Lepidoptera;0
GCA_018248615.1;2201629;Erynnisbrizo;Lepidoptera;0
GCA_018249475.1;2201489;Alera haworthiana;Lepidoptera;0
GCA_018248955.1;2201488;Aguna camagura;Lepidoptera;0
GCA_018248935.1;2201487;Aeromachusstigmata;Lepidoptera;0
GCA_018904225.1;1870885;Lordiphosa mommai;Diptera;0
GCA_018150695.1;1870888;Drosophila oshimai;Diptera;0
GCA_014622435.1;1871131;Polypedilum pembai;Diptera;0
GCA_018232025.1;1873864;Ernsta colotes;Lepidoptera;0
GCA_018248815.1;2201705;Croniadespieria;Lepidoptera;0
GCA_018230785.1;1873865;Ernsta dromus;Lepidoptera;0
GCA_018231125.1;1873867;Spialia spio;Lepidoptera;0
GCA_009936525.1;1882922;Taenaris catops;Lepidoptera;0
GCA_018251495.1;1908708;Autochton cellus;Lepidoptera;0
GCA_018251655.1;1908709;Cabirus procas;Lepidoptera;0
GCA_018231265.1;1908717;Noctuana haematospila;Lepidoptera;0
GCA_018249235.1;2201707;Cupitha purreea;Lepidoptera;0
GCA_018251395.1;2201702;Choranthus vitellius;Lepidoptera;0
GCA_018247815.1;2233718;Cecropterus athesis;Lepidoptera;0
GCA_018249945.1;2201614;Viola violella;Lepidoptera;0
GCA_018251575.1;2233719;Cecropterus bathyllus;Lepidoptera;0
GCA_018248855.1;2201723;Wahydra kenava;Lepidoptera;0
GCA_018248215.1;2201717;Pseudosarbia flavofasciata;Lepidoptera;0
GCA_018249215.1;2201715;Notamblyscirtes simius;Lepidoptera;0
GCA_018250575.1;2201607;Taractroceramaevius;Lepidoptera;0
GCA_018249015.1;2201609;Eantis tosta;Lepidoptera;0
GCA_018251995.1;2201613;Urbanus velinus;Lepidoptera;0
GCA_022318225.1;2201616;Zestusa dorus;Lepidoptera;0
GCA_018251915.1;2201639;Urbanusproteus;Lepidoptera;0
GCA_018247755.1;2201619;Arteurotiatractipennis;Lepidoptera;0
GCA_018251455.1;2201620;Astictopterusjama;Lepidoptera;0
GCA_018249035.1;2201621;Atrytonopsishianna;Lepidoptera;0
GCA_018249195.1;2201601;Racta chiria;Lepidoptera;0
GCA_014595695.2;2201626;Epargyreusclarus;Lepidoptera;0
GCA_018249935.1;2201630;Euschemonrafflesia;Lepidoptera;0
GCA_018249115.1;2201634;Loboclaliliana;Lepidoptera;0
GCA_018251415.1;2201638;Thymelicuslineola;Lepidoptera;0
GCA_018245615.1;2585884;Mimoniades ocyalus;Lepidoptera;0
GCA_018246945.1;2585886;Mimoniadespionia;Lepidoptera;0
GCA_018245635.1;2585888;Mimoniadesversicolor;Lepidoptera;0
GCA_018247635.1;2572206;Eurytidesdolicaon;Lepidoptera;0
GCA_910591585.2;2495127;Nysson spinosus;Hymenoptera;0
GCA_933228935.1;2495172;Pemphredon lugubris;Hymenoptera;0
GCA_002930495.1;2558925;Cecropterus lyciades;Lepidoptera;0
GCA_905147135.1;2561016;Blastobasis lacticolella;Lepidoptera;0
GCA_014737535.1;2562068;Bombus cullumanus;Hymenoptera;0
GCA_018247595.1;2572207;Losarianeptunus;Lepidoptera;0
GCA_018250035.1;2234127;Myriniacf.;Lepidoptera;0
GCA_018247835.1;2572208;Meandrusasciron;Lepidoptera;0
GCA_018247575.1;2572209;Mimoideslysithous;Lepidoptera;0
GCA_018246315.1;2572211;Papilio antimachus;Lepidoptera;0
GCA_018246215.1;2572212;Parnassiusimperator;Lepidoptera;0
GCA_018248075.1;2572213;Protesilausprotesilaus;Lepidoptera;0
GCA_018247955.1;2572215;Protographiummarcellus;Lepidoptera;0
GCA_018246435.1;2572216;Troidesrhadamantus;Lepidoptera;0
GCA_022318325.1;2233765;Telegonus chalco;Lepidoptera;0
GCA_018250055.1;2234126;Mimiacf.;Lepidoptera;0
GCA_018247695.1;2576678;Dryasiulia;Lepidoptera;0
GCA_018247115.1;2233749;Durocaduroca;Lepidoptera;0
GCA_943735895.1;2249760;Stelis phaeoptera;Hymenoptera;0
GCA_018248515.1;2234128;Telicotasp.;Lepidoptera;0
GCA_018250255.1;2233730;Cecropterus phalaecus;Lepidoptera;0
GCA_018249255.1;2233734;Cecropterus rinta;Lepidoptera;0
GCA_018247785.1;2233735;Cecropterus takuta;Lepidoptera;0
GCA_018249375.1;2233736;Cecropterus tehuacana;Lepidoptera;0
GCA_018249875.1;2233737;Cecropterus toxeus;Lepidoptera;0
GCA_018248995.1;2233751;Lobotractus cyda;Lepidoptera;0
GCA_945910015.1;2234001;Brachypalpus laphriformis;Diptera;0
GCA_018251335.1;2233753;Lobotractus valeriana;Lepidoptera;0
GCA_917499265.3;2495085;Mimumesa dahlbomi;Hymenoptera;0
GCA_018251595.1;2233755;Salantoia eriopis;Lepidoptera;0
GCA_018248495.1;2233766;Telegonus hyster;Lepidoptera;0
GCA_018249895.1;2233769;Tiana niger;Lepidoptera;0
GCA_018249095.1;2233771;Zeutus zeutus;Lepidoptera;0
GCA_018249795.1;2576677;Heliconiustelesiphe;Lepidoptera;0
GCA_013421005.1;2576679;Heliconiuserato;Lepidoptera;0
GCA_018245335.1;2585871;Dalla quadristriga;Lepidoptera;0
GCA_015776835.1;37627;Aphidius ervi;Hymenoptera;0
GCA_905475405.1;411963;Schrankia costaestrigalis;Lepidoptera;0
GCA_018904035.1;428978;Zaprionus ornatus;Diptera;0
GCA_022817285.1;408266;Neuroscelio doddi;Hymenoptera;0
GCA_000671755.1;37001;Glossina brevipalpis;Diptera;0
GCA_917208135.1;37344;Athalia rosae;Hymenoptera;0
GCA_001077435.1;37546;Glossinamorsitans;Diptera;0
GCA_022398575.1;38041;Heliothis subflexa;Lepidoptera;0
GCA_014529535.1;38358;Bradysia coprophila;Diptera;0
GCA_003709505.1;39466;Hyphantria cunea;Lepidoptera;0
GCA_018246295.1;2572210;Papilioalexanor;Lepidoptera;0
GCA_018245815.1;2585844;Apyrrothrix aesculapus;Lepidoptera;0
GCA_018236885.1;2249967;Emesis cereus;Lepidoptera;0
GCA_910593685.1;2495015;Ectemnius lituratus;Hymenoptera;0
GCA_018245515.1;2585930;Pyrrhopyge guianae;Lepidoptera;0
GCA_018245295.1;2585890;Myscelus epimachia;Lepidoptera;0
GCA_018245955.1;2585891;Myscelus nobilis;Lepidoptera;0
GCA_018246815.1;2585892;Mysoria affinis;Lepidoptera;0
GCA_018239165.1;2585924;Pyrrhopygeaziza;Lepidoptera;0
GCA_018239245.1;2585925;Pyrrhopygeaziza;Lepidoptera;0
GCA_018245055.1;2585926;Pyrrhopyge creona;Lepidoptera;0
GCA_018245695.1;2585927;Pyrrhopyge cressoni;Lepidoptera;0
GCA_018247275.1;2585929;Pyrrhopygeevansi;Lepidoptera;0
GCA_018239505.1;2585931;Pyrrhopygehadassa;Lepidoptera;0
GCA_018249575.1;2585864;Croniadespieria;Lepidoptera;0
GCA_018245135.1;2585932;Pyrrhopyge haemon;Lepidoptera;0
GCA_018239265.1;2585922;Pyrrhopygeamythaon;Lepidoptera;0
GCA_018239605.1;2585933;Pyrrhopyge kelita;Lepidoptera;0
GCA_018239585.1;2585937;Pyrrhopygepapius;Lepidoptera;0
GCA_018246515.1;2585938;Pyrrhopyge pelota;Lepidoptera;0
GCA_018246615.1;2585940;Pyrrhopygephidias;Lepidoptera;0
GCA_018246655.1;2585941;Pyrrhopygephidias;Lepidoptera;0
GCA_018239125.1;2585943;Pyrrhopygeproculus;Lepidoptera;0
GCA_018246055.1;2585857;Celaenorrhinusficulnea;Lepidoptera;0
GCA_018246875.1;2585863;Creonpygecreon;Lepidoptera;0
GCA_008817895.1;2494418;Anopheles fontenillei;Diptera;0
GCA_018237525.1;2585853;Apyrrothrix sangaris;Lepidoptera;0
GCA_018245395.1;2585870;Dallaeburones;Lepidoptera;0
GCA_018247615.1;2585868;Dallacyprius;Lepidoptera;0
GCA_018245355.1;2585866;Dalla costala;Lepidoptera;0
GCA_018245115.1;2585848;Apyrrothrixchalybea;Lepidoptera;0
GCA_018237565.1;2585849;Apyrrothrix hoffmanni;Lepidoptera;0
GCA_018245845.1;2585850;Apyrrothrix hygieia;Lepidoptera;0
GCA_018237585.1;2585851;Apyrrothrix maculosa;Lepidoptera;0
GCA_018237545.1;2585852;Apyrrothrix mulleri;Lepidoptera;0
GCA_018247915.1;2585854;Butleria elwesi;Lepidoptera;0
GCA_018247015.1;2585862;Cornuphallus albafascia;Lepidoptera;0
GCA_018245275.1;2585855;Celaenorrhinus aurivittatus;Lepidoptera;0
GCA_018244895.1;2585889;Myscelusamystis;Lepidoptera;0
GCA_018245215.1;2585856;Celaenorrhinuscf.;Lepidoptera;0
GCA_018245075.1;2585858;Celaenorrhinus patula;Lepidoptera;0
GCA_018249595.1;2585859;Chaetocnemecritomedia;Lepidoptera;0
GCA_018247475.1;2585860;Chamunda chamunda;Lepidoptera;0
GCA_018247095.1;2585861;Coeliadesramanatek;Lepidoptera;0
GCA_018246695.1;2585944;Pyrrhopygeproculus;Lepidoptera;0
GCA_018245235.1;2585945;Pyrrhopyge sadia;Lepidoptera;0
GCA_018245915.1;2585946;Pyrrhopyge schausi;Lepidoptera;0
GCA_022817005.1;2447845;Sparasion cullaris;Hymenoptera;0
GCA_018239305.1;2585906;Oxynetra semihyalina;Lepidoptera;0
GCA_018239065.1;2585845;Apyrrothrixaraxes;Lepidoptera;0
GCA_018249855.1;2576681;Eueidestales;Lepidoptera;0
GCA_018249755.1;2293256;Laparusdoris;Lepidoptera;0
GCA_010014905.2;2302820;Druon quercuslanigerum;Hymenoptera;0
Trissolcus brochymenae;2382140;Trissolcus brochymenae;Hymenoptera;0
GCA_022817245.1;2447844;Nixonia krombeini;Hymenoptera;0
GCA_022817105.1;2447847;Pseudanteris insignis;Hymenoptera;0
GCA_018239385.1;2585934;Pyrrhopyge melanomerus;Lepidoptera;0
GCA_003710045.2;2448451;Nomia melanderi;Hymenoptera;0
GCA_022817325.1;2448658;Idrissp.;Hymenoptera;0
GCA_022575985.1;2479706;Anagrus nilaparvatae;Hymenoptera;0
GCA_018245455.1;2485974;Apostictopterus fuliginosus;Lepidoptera;0
GCA_018247395.1;2485976;Barca bicolor;Lepidoptera;0
GCA_916610215.1;2492375;Omphaloscelis lunosa;Lepidoptera;0
GCA_004026295.1;2492661;Dipterasp.;Diptera;0
GCA_018245715.1;2585917;Passovapassova;Lepidoptera;0
GCA_018245655.1;2585915;Passova nigrocephala;Lepidoptera;0
GCA_018244715.1;2585914;Passovaganymedes;Lepidoptera;0
GCA_018244815.1;2585912;Parelbella polyzona;Lepidoptera;0
GCA_018239105.1;2585846;Apyrrothrix arizonae;Lepidoptera;0
GCA_018219835.1;2585921;Pyrrhopygeamythaon;Lepidoptera;0
GCA_018245375.1;2585918;Pirunaaea;Lepidoptera;0
GCA_018247255.1;2585894;Mysoriabarcastus;Lepidoptera;0
GCA_018246855.1;2585895;Mysoria catomelaena;Lepidoptera;0
GCA_018245095.1;2585896;Mysoria galgala;Lepidoptera;0
GCA_018245835.1;2585898;Mysoriasejanus;Lepidoptera;0
GCA_018247215.1;2585900;Mysoriaxanthippe;Lepidoptera;0
GCA_018239405.1;2585901;Oxynetra confusa;Lepidoptera;0
GCA_018244775.1;2585903;Oxynetraroscius;Lepidoptera;0
GCA_018239325.1;2585904;Oxynetraroscius;Lepidoptera;0
GCA_018247055.1;2585919;Pseudocoladenia festa;Lepidoptera;0
GCA_018246555.1;2585905;Oxynetraroscius;Lepidoptera;0
GCA_018245155.1;2585907;Oxynetra stangelandi;Lepidoptera;0
GCA_018244795.1;2585909;Parelbellaahira;Lepidoptera;0
GCA_018246775.1;2585911;Parelbellamachaon;Lepidoptera;0
GCA_018250475.1;2201590;Pholisora mejicanus;Lepidoptera;0
GCA_018251015.1;2201589;Phocidespigmalion;Lepidoptera;0
GCA_018249415.1;2201588;Phareas burnsi;Lepidoptera;0
GCA_018244835.1;2586022;Nosphistia zonara;Lepidoptera;0
GCA_018245675.1;2585977;Agara michaeli;Lepidoptera;0
GCA_018249555.1;2585983;Ardaris aerata;Lepidoptera;0
GCA_018246835.1;2585984;Ardaris eximia;Lepidoptera;0
GCA_018244935.1;2585985;Ardaris minthe;Lepidoptera;0
GCA_018244955.1;2585986;Ardaris pityusa;Lepidoptera;0
GCA_018247415.1;2585964;Yangunacometes;Lepidoptera;0
GCA_018246535.1;2586018;Microceris variicolor;Lepidoptera;0
GCA_018246575.1;2586020;Microcerisviriditas;Lepidoptera;0
GCA_018236685.1;2614006;Emesis castigata;Lepidoptera;0
GCA_018237645.1;2585967;Yanguna thelersa;Lepidoptera;0
GCA_018236645.1;2614007;Emesis opaca;Lepidoptera;0
GCA_018237125.1;2614008;Emesis eurydice;Lepidoptera;0
GCA_018237085.1;2614009;Emesis vulpina;Lepidoptera;0
GCA_018237145.1;2614010;Emesis heteroclita;Lepidoptera;0
GCA_018236345.1;2614012;Xanthosa xanthosa;Lepidoptera;0
GCA_018236385.1;2614013;Sertaniaguttata;Lepidoptera;0
GCA_018237445.1;2614005;Emesis condigna;Lepidoptera;0
GCA_018245935.1;2585974;Agarabelti;Lepidoptera;0
GCA_018239085.1;2585966;Yangunaspatiosa;Lepidoptera;0
GCA_018237345.1;2614016;Melanispixe;Lepidoptera;0
GCA_018244875.1;2585988;Ardarissela;Lepidoptera;0
GCA_018245555.1;2586011;Microcerismariae;Lepidoptera;0
GCA_018244855.1;2586012;Microceris merops;Lepidoptera;0
GCA_018245735.1;2586013;Microceris miodesmiata;Lepidoptera;0
GCA_018246795.1;2586015;Microcerispatrobas;Lepidoptera;0
GCA_018245595.1;2586016;Microceris scylla;Lepidoptera;0
GCA_018246895.1;2585994;Aspithaaspitha;Lepidoptera;0
GCA_018247295.1;2585992;Aspithaagenoria;Lepidoptera;0
GCA_018246975.1;2585989;Ardarissela;Lepidoptera;0
GCA_018239525.1;2585951;Pyrrhopygesergius;Lepidoptera;0
GCA_018239485.1;2585962;Tagiadesgana;Lepidoptera;0
GCA_018246915.1;2585952;Pyrrhopyge tatei;Lepidoptera;0
GCA_018245995.1;2585954;Pyrrhopygetelassa;Lepidoptera;0
GCA_018239185.1;2585956;Pyrrhopygethericles;Lepidoptera;0
GCA_018239225.1;2585957;Pyrrhopygethericles;Lepidoptera;0
GCA_018239205.1;2585958;Pyrrhopygethericles;Lepidoptera;0
GCA_018239285.1;2585959;Pyrrhopygethericles;Lepidoptera;0
GCA_018246035.1;2585960;Sarangesa brigida;Lepidoptera;0
GCA_018246475.1;2586017;Microceris theseus;Lepidoptera;0
GCA_018236665.1;2614014;Calephelis perditalis;Lepidoptera;0
GCA_018237365.1;2614019;Cariaino;Lepidoptera;0
GCA_016170035.1;2763070;Anophelesfunestus-like;Diptera;0
GCA_018233505.1;2691984;Junonia stemosa;Lepidoptera;0
GCA_018236225.1;2613997;Emesis tegula;Lepidoptera;0
GCA_018236285.1;2613998;Emesis lupina;Lepidoptera;0
GCA_018237005.1;2613999;Emesis poeas;Lepidoptera;0
GCA_018236265.1;2614000;Emesis progne;Lepidoptera;0
GCA_018236325.1;2614001;Emesis satema;Lepidoptera;0
GCA_018236165.1;2613991;Emesis angularis;Lepidoptera;0
GCA_018239445.1;2585950;Pyrrhopygesergius;Lepidoptera;0
GCA_943590905.1;2735243;Sphaerophoria taeniata;Diptera;0
GCA_018236205.1;2613994;Emesis tenedia;Lepidoptera;0
GCA_940306215.1;2738948;Microctonus brassicae;Hymenoptera;0
GCA_017163975.1;2740161;Anastatus disparis;Hymenoptera;0
GCA_939192795.1;2741128;Bombylius discolor;Diptera;0
GCA_018907135.1;2742992;Kradibia gibbosae;Hymenoptera;0
GCA_018907035.1;2751805;Sycobiasp.;Hymenoptera;0
GCA_018906775.1;2751806;Sycophilasp.;Hymenoptera;0
GCA_018236605.1;2613996;Emesis saturata;Lepidoptera;0
GCA_018236145.1;2613993;Emesis heterochroa;Lepidoptera;0
GCA_018252335.1;2614020;Stalachtis halloweeni;Lepidoptera;0
GCA_018236545.1;2614002;Emesis liodes;Lepidoptera;0
GCA_018237785.1;2614022;Befrostia lalannei;Lepidoptera;0
GCA_018237425.1;2614023;Befrostia elegia;Lepidoptera;0
GCA_018237245.1;2614633;Emesisheteroclita;Lepidoptera;0
GCA_018236025.1;2614634;Emesisfatimella;Lepidoptera;0
GCA_018236425.1;2614636;Emesistemesa;Lepidoptera;0
GCA_018236625.1;2614015;Lasaiasula;Lepidoptera;0
GCA_018237105.1;2614004;Emesis fastidiosa;Lepidoptera;0
GCA_018246735.1;2586025;Protelbellaalburna;Lepidoptera;0
GCA_018237045.1;2613989;Emesis furor;Lepidoptera;0
GCA_018245795.1;2586026;Protelbella ruficauda;Lepidoptera;0
GCA_018237605.1;2586027;Apyrrothrix(Melanopyge);Lepidoptera;0
GCA_018236005.1;2613972;Apodemia ares;Lepidoptera;0
GCA_018236945.1;2613974;Apodemia arnacis;Lepidoptera;0
GCA_018236245.1;2613983;Emesisbrimo;Lepidoptera;0
GCA_018236125.1;2613986;Emesis orichalceus;Lepidoptera;0
GCA_018236905.1;2613987;Emesis aerigera;Lepidoptera;0
GCA_018236565.1;2614003;Emesis glaucescens;Lepidoptera;0
GCA_018246495.1;2586009;Microceris iphinous;Lepidoptera;0
GCA_018245535.1;2586008;Microceris etna;Lepidoptera;0
GCA_018246455.1;2586007;Microceris adonis;Lepidoptera;0
GCA_020740445.1;2676314;Culicoides tainanus;Diptera;0
GCA_018235045.1;2691982;Junonianeildi;Lepidoptera;0
GCA_018252295.1;2691983;Junonia pacoma;Lepidoptera;0
GCA_018247535.1;2586005;Hewitsoniella migonitis;Lepidoptera;0
GCA_018234005.1;2691556;Junoniaevarete;Lepidoptera;0
GCA_917880925.1;2663927;Criorhina berberina;Diptera;0
GCA_011057455.1;2665449;Ganaspissp.;Hymenoptera;0
GCA_018247195.1;2585995;Aspithaaspitha;Lepidoptera;0
GCA_018244915.1;2585996;Aspitha bassleri;Lepidoptera;0
GCA_018245255.1;2585998;Azonax typhaon;Lepidoptera;0
GCA_018246935.1;2586000;Granila paseas;Lepidoptera;0
GCA_018249615.1;2586002;Gunayan rhacia;Lepidoptera;0
GCA_018247335.1;2586003;Gunayan rubricollis;Lepidoptera;0
GCA_019049465.1;2752932;Dryasiulia;Lepidoptera;0
GCA_018152295.1;2789720;Drosophila carrolli;Diptera;0
GCA_018247135.1;2201587;Paramimus stigma;Lepidoptera;0
GCA_018906735.1;2726097;Mesochorussp.;Hymenoptera;0
GCA_018230845.1;2705508;Muschampia leuzeae;Lepidoptera;0
GCA_018232005.1;2705510;Muschampia mohammed;Lepidoptera;0
GCA_018232445.1;2705511;Muschampia musta;Lepidoptera;0
GCA_025505425.1;2696334;Graphium colonna;Lepidoptera;0
GCA_018231845.1;2705565;Ernsta secessus;Lepidoptera;0
GCA_018230985.1;2705566;Spialia struvei;Lepidoptera;0
GCA_018231905.1;2705567;Ernsta wrefordi;Lepidoptera;0
GCA_018906915.1;2726096;Phanerotomasp.;Hymenoptera;0
GCA_018881525.1;2726100;Meteorussp.;Hymenoptera;0
GCA_018232325.1;2705506;Muschampia gigas;Lepidoptera;0
GCA_022817785.1;2729014;Amitussp.;Hymenoptera;0
GCA_022817765.1;2729016;Aneurosceliosp.;Hymenoptera;0
GCA_022817685.1;2729017;Aradophagussp.;Hymenoptera;0
GCA_022817725.1;2729018;Archaeoteleiasp.;Hymenoptera;0
GCA_022817665.1;2729019;Axeasp.;Hymenoptera;0
GCA_018902275.1;2726095;Aleiodessp.;Hymenoptera;0
GCA_022817705.1;2729020;Baryconussp.;Hymenoptera;0
GCA_022817605.1;2729022;Caloteleasp.;Hymenoptera;0
GCA_018231085.1;2705507;Muschampia kuenlunus;Lepidoptera;0
GCA_018232125.1;2705505;Muschampia antonia;Lepidoptera;0
GCA_022817545.1;2729024;Cremastobaeussp.;Hymenoptera;0
GCA_018231185.1;2705559;Spialia mafa;Lepidoptera;0
GCA_018230825.1;2705560;Ernsta nanus;Lepidoptera;0
GCA_018231285.1;2705563;Spialia osthelderi;Lepidoptera;0
GCA_018232485.1;2705515;Muschampia poggei;Lepidoptera;0
GCA_018230725.1;2705514;Muschampia plurimacula;Lepidoptera;0
GCA_018232365.1;2705513;Muschampia nomas;Lepidoptera;0
GCA_018230965.1;2705512;Muschampia nobilis;Lepidoptera;0
GCA_018231045.1;2705493;Favria cribrellum;Lepidoptera;0
GCA_018230805.1;2705564;Ernsta ploetzi;Lepidoptera;0
GCA_011952275.1;2705178;Bombusvancouverensis;Hymenoptera;0
GCA_022817565.1;2729023;Chromoteleiasp.;Hymenoptera;0
GCA_022817525.1;2729025;Dichoteleassp.;Hymenoptera;0
GCA_018903765.1;2789722;Drosophilaaff.;Diptera;0
GCA_018247555.1;2201569;Jera tricuspidata;Lepidoptera;0
GCA_018251955.1;2723815;Telegonus azul;Lepidoptera;0
GCA_944738645.1;2725509;Eristalinus sepulchralis;Diptera;0
GCA_018230645.1;2715862;Spialia lugens;Lepidoptera;0
GCA_018237625.1;2585949;Pyrrhopygesergius;Lepidoptera;0
GCA_018239425.1;2585948;Pyrrhopygesergius;Lepidoptera;0
GCA_018250315.1;2201566;Hyalothyrusneleus;Lepidoptera;0
GCA_932526605.1;2719080;Nephrotoma flavescens;Diptera;0
GCA_018249075.1;2201570;Lobocla nepos;Lepidoptera;0
GCA_018251075.1;2201573;Metardariscosinga;Lepidoptera;0
GCA_018251315.1;2201577;Nastra julia;Lepidoptera;0
GCA_018250655.1;2201578;Nerula fibrena;Lepidoptera;0
GCA_018251275.1;2201579;Niconiades incomptus;Lepidoptera;0
GCA_018250595.1;2201580;Notocrypta feisthamelii;Lepidoptera;0
GCA_018250615.1;2201582;Oechydruschersis;Lepidoptera;0
GCA_018248295.1;2201585;Oileides vulpinus;Lepidoptera;0
GCA_018231385.1;2715865;Muschampia lutulenta;Lepidoptera;0
GCA_022817505.1;2729026;Dicrosceliosp.;Hymenoptera;0
GCA_018230665.1;2705571;Muschampia baetica;Lepidoptera;0
GCA_022817485.1;2729027;Elgoniasp.;Hymenoptera;0
GCA_022817465.1;2729028;Embidobiasp.;Hymenoptera;0
GCA_022817425.1;2729029;Gryonsp.;Hymenoptera;0
GCA_022817625.1;2729021;Callisceliosp.;Hymenoptera;0
GCA_018906895.1;2726094;Odontocolonsp.;Hymenoptera;0
GCA_018902145.1;2726092;Anoncussp.;Hymenoptera;0
GCA_022318145.1;2705569;Ernsta bifida;Lepidoptera;0
GCA_018231105.1;2705572;Muschampia floccifera;Lepidoptera;0
GCA_018230705.1;2715864;Spialia ferax;Lepidoptera;0
GCA_018231885.1;2705573;Muschampia lavatherae;Lepidoptera;0
GCA_018231065.1;2705574;Muschampia orientalis;Lepidoptera;0
GCA_018230745.1;2705575;Muschampia stauderi;Lepidoptera;0
GCA_930367185.1;2714349;Myathropa florea;Diptera;0
GCA_018812205.1;2726093;Adelognathussp.;Hymenoptera;0
GCA_017607545.1;2715315;Acromyrmex charruanus;Hymenoptera;0
GCA_018231825.1;2715863;Spialia carnea;Lepidoptera;0
GCA_018231025.1;2705558;Agyllia kituina;Lepidoptera;0
GCA_018231945.1;2705557;Spialia geron;Lepidoptera;0
GCA_018252235.1;2705556;Spialia galba;Lepidoptera;0
GCA_946815625.1;2866289;Netelia dilatata;Hymenoptera;0
GCA_022816965.1;2729052;Tanaodytessp.;Hymenoptera;0
GCA_022816905.1;2729054;Trimorussp.;Hymenoptera;0
GCA_022816885.1;2729055;Trissosceliosp.;Hymenoptera;0
GCA_022816945.1;2729057;Triteleiasp.;Hymenoptera;0
GCA_022817065.1;2729047;Probaryconussp.;Hymenoptera;0
GCA_022817385.1;2729034;Macroteleiasp.;Hymenoptera;0
GCA_902806615.1;2795564;Maniola hyperantus;Lepidoptera;0
GCA_018251855.1;2795567;Megathymus violae;Lepidoptera;0
GCA_018245415.1;2866484;Ctenoptilum multiguttatum;Lepidoptera;0
GCA_022816985.1;2729050;Sceliosp.;Hymenoptera;0
GCA_947086405.1;2870497;Esperia sulphurella;Lepidoptera;0
GCA_018150735.1;2872179;Drosophilasp.;Diptera;0
GCA_021155785.1;2872261;Neodiprion fabricii;Hymenoptera;0
GCA_018232065.1;2943075;Junoniazonalis;Lepidoptera;0
GCA_022817025.1;2729051;Sceliomorphasp.;Hymenoptera;0
GCA_022817045.1;2729049;Psixsp.;Hymenoptera;0
GCA_018231965.1;2705553;Spialia doris;Lepidoptera;0
GCA_022817365.1;2729035;Mallateleiasp.;Hymenoptera;0
GCA_018905855.1;2793621;Drosophila anomelani;Diptera;0
GCA_933228815.1;2794001;Machimus atricapillus;Diptera;0
GCA_018250715.1;2795503;Telegonusanausis;Lepidoptera;0
GCA_022817585.1;2729063;Scelioninaegen.;Hymenoptera;0
GCA_022817745.1;2729062;Scelioninaegen.;Hymenoptera;0
GCA_022817645.1;2729061;Ceratoteleas bidentatus;Hymenoptera;0
GCA_022816865.1;2729059;Zelostemmasp.;Hymenoptera;0
GCA_022817265.1;2729036;Masnerellasp.;Hymenoptera;0
GCA_022817085.1;2729048;Psilanterissp.;Hymenoptera;0
GCA_022817345.1;2729037;Neosceliosp.;Hymenoptera;0
GCA_022817225.1;2729038;Nyletasp.;Hymenoptera;0
GCA_022817185.1;2729039;Oxysceliosp.;Hymenoptera;0
GCA_022817205.1;2729040;Oxyteleiasp.;Hymenoptera;0
GCA_022817145.1;2729042;Palpoteleiasp.;Hymenoptera;0
GCA_022817165.1;2729044;Phoenoteleiasp.;Hymenoptera;0
GCA_022817125.1;2729046;Platysceliosp.;Hymenoptera;0
GCA_018231805.1;2705516;Muschampia prometheus;Lepidoptera;0
GCA_023347075.1;2827493;Chironomidae sp.;Diptera;0
GCA_943737955.1;2829445;Myopa tessellatipennis;Diptera;0
GCA_018250175.1;2839523;Alychna victa;Lepidoptera;0
GCA_010883055.1;2817044;Belonocnema kinseyi;Hymenoptera;0
GCA_022817305.1;2729033;Leptoteleiasp.;Hymenoptera;0
GCA_022817405.1;2729032;Heptasceliosp.;Hymenoptera;0
GCA_022817445.1;2729031;Habroteleiasp.;Hymenoptera;0
GCA_018230885.1;2705517;Muschampia proteides;Lepidoptera;0
GCA_018231925.1;2705518;Muschampia proteus;Lepidoptera;0
GCA_022342965.1;2705519;Muschampia staudingeri;Lepidoptera;0
GCA_018231165.1;2705520;Muschampia tersa;Lepidoptera;0
GCA_018231005.1;2705521;Noctuana brunneofusca;Lepidoptera;0
GCA_018230865.1;2705531;Windia windi;Lepidoptera;0
GCA_018230925.1;2705550;Agyllia agylla;Lepidoptera;0
GCA_018231865.1;2705551;Ernsta confusa;Lepidoptera;0
GCA_018230765.1;2705552;Ernsta delagoae;Lepidoptera;0
GCA_011762715.1;2822343;Neuroterus valhalla;Hymenoptera;0
GCA_021224005.1;2848635;Drosophila setifemur;Diptera;0
GCA_021223825.1;2848634;Drosophila ironensis;Diptera;0
GCA_022405125.1;2840466;Anthidium xuezhongi;Hymenoptera;0
GCA_916048285.2;2795671;Bellardia pandia;Diptera;0
GCA_917499995.1;2795680;Ichneumon xanthorius;Hymenoptera;0
GCA_013421085.1;2795693;Dionevanillae;Lepidoptera;0
GCA_018901795.1;2796246;Drosophilasp.;Diptera;0
GCA_907163055.1;2796348;Formicaaquilonia;Hymenoptera;0
GCA_018340375.1;2808949;Gonatopus flavifemur;Hymenoptera;0
GCA_000341915.2;36166;Megaselia scalaris;Diptera;0
